City_ID,City,Country,Date,Lat,Lng,Max Temp,Humidity,Cloudiness,Wind Speed
0,Port Alfred,ZA,2020-04-15 07:21:20,-33.59,26.89,63.0,97,52,1.99
1,Rikitea,PF,2020-04-15 07:21:20,-23.12,-134.97,75.96,65,34,4.68
2,Avarua,CK,2020-04-15 07:18:24,-21.21,-159.78,75.2,78,86,3.36
3,Punta Arenas,CL,2020-04-15 07:21:21,-53.15,-70.92,46.4,87,40,6.93
4,Port Lincoln,AU,2020-04-15 07:21:21,-34.73,135.87,77.92,30,100,18.37
5,Dikson,RU,2020-04-15 07:21:22,73.51,80.55,12.09,91,40,8.93
6,Niamey,NE,2020-04-15 07:21:22,13.51,2.11,84.2,21,26,6.93
7,Vaini,TO,2020-04-15 07:21:22,-21.2,-175.2,73.4,94,20,3.36
8,Albany,US,2020-04-15 07:19:40,42.6,-73.97,41.0,44,90,13.87
9,Sao Joao Da Barra,BR,2020-04-15 07:21:22,-21.64,-41.05,74.01,85,53,12.64
10,Ushuaia,AR,2020-04-15 07:18:33,-54.8,-68.3,42.8,100,40,4.7
11,Hobart,AU,2020-04-15 07:20:18,-42.88,147.33,60.01,87,90,10.29
12,Busselton,AU,2020-04-15 07:21:23,-33.65,115.33,72.0,34,36,14.97
13,Atuona,PF,2020-04-15 07:21:23,-9.8,-139.03,82.53,67,32,4.97
14,Puerto Ayora,EC,2020-04-15 07:21:23,-0.74,-90.35,79.0,92,98,3.0
15,Daoukro,CI,2020-04-15 07:21:24,7.06,-3.96,73.81,92,36,2.82
16,Mataura,NZ,2020-04-15 07:21:24,-46.19,168.86,48.99,86,100,5.01
17,Dillon,US,2020-04-15 07:21:24,34.42,-79.37,69.01,100,75,4.7
18,Harrai,IN,2020-04-15 07:19:08,22.62,79.22,100.71,11,42,4.34
19,Umarkot,PK,2020-04-15 07:21:25,25.36,69.74,97.52,23,24,7.0
20,Bethel,US,2020-04-15 07:20:13,41.37,-73.41,48.2,60,90,10.29
21,Pisco,PE,2020-04-15 07:21:25,-13.7,-76.22,69.8,73,75,3.36
22,Bhola,BD,2020-04-15 07:21:25,22.68,90.65,94.89,38,0,9.71
23,Port Elizabeth,ZA,2020-04-15 07:21:26,-33.92,25.57,64.4,88,40,5.82
24,Ketchikan,US,2020-04-15 07:21:26,55.34,-131.65,46.4,93,90,5.82
25,Hilo,US,2020-04-15 07:21:26,19.73,-155.09,73.4,78,75,4.7
26,Flin Flon,CA,2020-04-15 07:21:26,54.77,-101.86,9.64,91,39,4.54
27,Lamar,US,2020-04-15 07:21:27,33.67,-95.58,42.8,93,1,4.7
28,Mount Gambier,AU,2020-04-15 07:21:27,-37.83,140.77,75.2,22,90,10.29
29,Cape Town,ZA,2020-04-15 07:21:27,-33.93,18.42,63.0,93,100,3.36
30,Bluff,NZ,2020-04-15 07:21:27,-46.6,168.33,48.99,86,100,5.01
31,Kamyshin,RU,2020-04-15 07:21:28,50.1,45.42,52.59,60,97,21.36
32,Monrovia,LR,2020-04-15 07:21:28,6.3,-10.8,78.8,94,75,3.18
33,Asau,RO,2020-04-15 07:21:28,46.43,26.4,45.0,52,29,13.87
34,Ngatea,NZ,2020-04-15 07:21:28,-37.28,175.5,57.99,87,92,14.99
35,San Patricio,MX,2020-04-15 07:21:29,19.22,-104.7,71.2,67,72,4.07
36,Hithadhoo,MV,2020-04-15 07:21:29,-0.6,73.08,84.97,65,34,1.86
37,Termoli,IT,2020-04-15 07:21:29,41.99,14.99,48.99,54,14,5.99
38,Kutum,SD,2020-04-15 07:21:29,14.2,24.67,69.19,14,42,12.28
39,Saldanha,ZA,2020-04-15 07:20:27,-33.01,17.94,55.4,80,40,5.82
40,Vostok,RU,2020-04-15 07:21:30,46.49,135.88,44.13,40,52,9.44
41,Slave Lake,CA,2020-04-15 07:20:47,55.28,-114.77,32.0,75,90,5.82
42,Kapaa,US,2020-04-15 07:21:30,22.08,-159.32,73.4,100,75,2.98
43,Butaritari,KI,2020-04-15 07:21:30,3.07,172.79,83.55,80,45,15.1
44,Mahebourg,MU,2020-04-15 07:21:31,-20.41,57.7,82.0,74,75,17.22
45,Riberalta,BO,2020-04-15 07:21:31,-10.98,-66.1,73.24,94,100,2.55
46,Bonavista,CA,2020-04-15 07:21:31,48.65,-53.11,36.0,85,74,8.99
47,Carnarvon,AU,2020-04-15 07:21:31,-24.87,113.63,82.4,54,48,21.92
48,Hasaki,JP,2020-04-15 07:21:31,35.73,140.83,70.0,45,75,13.87
49,Kalmunai,LK,2020-04-15 07:21:32,7.42,81.82,89.24,57,34,2.84
50,Voh,NC,2020-04-15 07:21:32,-20.97,164.7,76.5,83,96,13.35
51,Fortuna,US,2020-04-15 07:21:32,40.6,-124.16,51.01,75,1,3.36
52,Savelugu,GH,2020-04-15 07:21:32,9.62,-0.83,84.87,57,17,8.97
53,New Norfolk,AU,2020-04-15 07:21:33,-42.78,147.06,60.01,87,90,10.29
54,Hermanus,ZA,2020-04-15 07:20:03,-34.42,19.23,62.01,95,93,1.01
55,Anloga,GH,2020-04-15 07:21:33,5.79,0.9,82.4,88,40,6.93
56,Tsabong,BW,2020-04-15 07:21:33,-26.02,22.4,60.55,22,33,2.68
57,Saint George,US,2020-04-15 07:21:34,37.1,-113.58,48.99,31,1,1.16
58,Gorontalo,ID,2020-04-15 07:21:34,0.54,123.06,86.65,68,88,4.56
59,Taksimo,RU,2020-04-15 07:21:34,56.34,114.88,45.05,44,0,0.67
60,Carson City,US,2020-04-15 07:21:34,39.16,-119.77,48.2,35,1,4.7
61,Kruisfontein,ZA,2020-04-15 07:21:34,-34.0,24.73,59.11,73,0,3.98
62,Peoria,US,2020-04-15 07:21:35,40.77,-89.77,36.0,55,90,4.45
63,Colomi,BO,2020-04-15 07:21:35,-17.35,-65.87,57.2,76,20,1.59
64,Panguna,PG,2020-04-15 07:21:35,-6.32,155.48,76.42,74,97,1.21
65,Muzhi,RU,2020-04-15 07:21:35,65.37,64.67,33.33,97,96,11.54
66,Miracatu,BR,2020-04-15 07:21:36,-24.28,-47.46,68.02,86,1,2.51
67,Loikaw,MM,2020-04-15 07:21:36,19.67,97.21,96.66,15,12,4.05
68,Cananea,MX,2020-04-15 07:21:36,30.95,-110.3,53.01,29,17,1.99
69,Sangar,RU,2020-04-15 07:21:36,63.92,127.47,26.22,84,28,18.28
70,Bosobolo,CD,2020-04-15 07:21:37,4.18,19.9,79.16,68,32,1.95
71,Quesnel,CA,2020-04-15 07:21:37,53.0,-122.5,37.4,93,1,4.7
72,Berdigestyakh,RU,2020-04-15 07:21:37,62.1,126.7,32.38,83,98,11.54
73,Castro,BR,2020-04-15 07:21:37,-24.79,-50.01,48.81,68,0,2.06
74,Lata,PT,2020-04-15 07:21:38,40.16,-8.33,55.99,87,20,9.17
75,Kirakira,SB,2020-04-15 07:21:38,-10.45,161.92,84.99,73,84,7.96
76,Cherskiy,RU,2020-04-15 07:21:38,68.75,161.3,7.48,94,98,8.41
77,Touros,BR,2020-04-15 07:21:39,-5.2,-35.46,75.2,94,90,4.7
78,Norman Wells,CA,2020-04-15 07:21:39,65.28,-126.83,30.2,68,20,5.82
79,Visby,SE,2020-04-15 07:21:39,57.64,18.3,48.0,81,100,12.75
80,Kuito,AO,2020-04-15 07:21:39,-12.38,16.93,60.8,93,80,1.7
81,Atasu,KZ,2020-04-15 07:21:39,48.68,71.64,46.53,47,0,14.47
82,Naze,JP,2020-04-15 07:21:40,28.37,129.48,68.0,68,75,19.46
83,Santa Lucia,ES,2020-04-15 07:21:40,27.91,-15.54,66.2,63,75,3.36
84,Aksarka,RU,2020-04-15 07:21:40,66.56,67.8,33.39,98,100,8.43
85,Vao,NC,2020-04-15 07:21:40,-22.67,167.48,74.64,77,92,15.77
86,Kushima,JP,2020-04-15 07:21:41,31.46,131.23,68.0,60,75,18.34
87,Talnakh,RU,2020-04-15 07:21:41,69.49,88.4,6.8,77,1,13.42
88,Barrow,US,2020-04-15 07:21:41,71.29,-156.79,10.4,92,90,18.34
89,Gbarnga,LR,2020-04-15 07:21:41,7.0,-9.47,73.36,91,100,0.81
90,Nikolskoye,RU,2020-04-15 07:21:42,59.7,30.79,37.99,82,75,8.95
91,Lengshuitan,CN,2020-04-15 07:21:42,26.41,111.6,79.63,45,0,7.02
92,Boende,CD,2020-04-15 07:21:42,-0.22,20.87,76.35,83,98,1.95
93,Chuguyevka,RU,2020-04-15 07:21:42,44.17,133.86,51.84,37,0,7.81
94,Tuktoyaktuk,CA,2020-04-15 07:21:42,69.45,-133.04,20.53,96,66,6.15
95,Birao,CF,2020-04-15 07:21:43,10.28,22.79,81.5,12,66,14.88
96,Airai,TL,2020-04-15 07:21:43,-8.93,125.41,68.67,67,85,3.09
97,Te Anau,NZ,2020-04-15 07:17:41,-45.42,167.72,48.34,68,96,5.86
98,Wuwei,CN,2020-04-15 07:21:43,37.93,102.64,73.4,11,31,16.96
99,Port Hedland,AU,2020-04-15 07:21:44,-20.32,118.57,91.4,49,83,14.99
100,Denizli,TR,2020-04-15 07:21:44,37.84,29.07,60.8,36,75,2.24
101,San Jose De Guanipa,VE,2020-04-15 07:21:44,8.89,-64.17,75.16,69,76,14.25
102,Cockburn Town,TC,2020-04-15 07:21:44,21.46,-71.14,78.39,82,1,17.9
103,Tiksi,RU,2020-04-15 07:21:44,71.69,128.87,6.22,93,100,14.09
104,Vardo,NO,2020-04-15 07:21:45,70.37,31.11,35.6,74,75,16.11
105,Pucallpa,PE,2020-04-15 07:21:45,-8.38,-74.55,74.34,80,8,0.58
106,Upernavik,GL,2020-04-15 07:21:45,72.79,-56.15,18.93,92,97,5.06
107,Chillicothe,US,2020-04-15 07:17:15,39.33,-82.98,33.01,92,1,4.7
108,Saint-Leu,RE,2020-04-15 07:21:46,-21.15,55.28,84.2,66,11,31.09
109,Victoria,HK,2020-04-15 07:17:16,22.29,114.16,78.01,50,20,10.29
110,Huarmey,PE,2020-04-15 07:21:46,-10.07,-78.15,73.51,75,4,5.86
111,Mecca,SA,2020-04-15 07:21:46,21.43,39.83,78.6,15,0,8.77
112,Moron,AR,2020-04-15 07:21:47,-34.65,-58.62,53.6,93,0,6.93
113,Lac Du Bonnet,CA,2020-04-15 07:21:47,50.25,-96.06,19.0,79,22,3.98
114,Ulaanbaatar,MN,2020-04-15 07:17:00,47.91,106.88,32.0,48,75,15.66
115,Laguna,US,2020-04-15 07:19:26,38.42,-121.42,62.01,58,1,2.55
116,Hofn,IS,2020-04-15 07:21:47,64.25,-15.21,36.91,75,64,15.12
117,Haimen,CN,2020-04-15 07:21:48,23.19,116.61,82.4,34,70,6.71
118,Saint-Joseph,RE,2020-04-15 07:21:48,-21.37,55.62,84.2,66,8,31.09
119,Codrington,AU,2020-04-15 07:21:48,-38.27,141.97,72.52,37,100,11.14
120,Srednekolymsk,RU,2020-04-15 07:21:48,67.45,153.68,8.73,92,48,9.98
121,El Tigre,VE,2020-04-15 07:17:54,8.89,-64.25,74.84,68,69,14.07
122,Sao Filipe,CV,2020-04-15 07:21:49,14.9,-24.5,71.53,77,89,12.68
123,Yerbogachen,RU,2020-04-15 07:21:49,61.28,108.01,47.32,62,41,6.08
124,Zhuanghe,CN,2020-04-15 07:21:49,39.7,122.99,55.44,57,100,9.31
125,Antofagasta,CL,2020-04-15 07:21:50,-23.65,-70.4,64.4,68,9,6.93
126,Nizhniy Kuranakh,RU,2020-04-15 07:21:50,58.84,125.49,43.86,53,32,7.92
127,Aklavik,CA,2020-04-15 07:21:50,68.22,-135.01,32.0,98,40,5.82
128,Suda,RU,2020-04-15 07:21:50,59.15,37.56,35.6,74,20,4.47
129,Gumdag,TM,2020-04-15 07:21:51,39.21,54.59,61.92,33,0,12.28
130,Kavieng,PG,2020-04-15 07:21:51,-2.57,150.8,83.57,73,61,5.26
131,Rancho Palos Verdes,US,2020-04-15 07:18:55,33.74,-118.39,66.0,82,1,8.57
132,Sauda,NO,2020-04-15 07:21:51,59.65,6.35,45.0,100,75,11.41
133,Esperance,AU,2020-04-15 07:21:51,-33.87,121.9,69.8,56,40,20.8
134,Saskylakh,RU,2020-04-15 07:21:52,71.92,114.08,1.27,91,99,10.56
135,Port Blair,IN,2020-04-15 07:21:52,11.67,92.75,83.91,72,94,5.79
136,Okakarara,NA,2020-04-15 07:21:52,-20.58,17.43,68.83,29,67,1.86
137,Dehloran,IR,2020-04-15 07:21:52,32.69,47.27,76.28,19,55,1.45
138,Upata,VE,2020-04-15 07:21:53,8.01,-62.4,67.01,79,30,2.89
139,Lingao,CN,2020-04-15 07:21:53,19.91,109.69,75.58,70,65,6.46
140,Riyadh,SA,2020-04-15 07:17:37,24.69,46.72,75.2,39,7,11.41
141,Znamenskoye,RU,2020-04-15 07:21:53,57.13,73.83,47.21,59,26,7.78
142,Drayton Valley,CA,2020-04-15 07:21:54,53.22,-114.99,30.13,72,100,18.57
143,Tamandare,BR,2020-04-15 07:21:54,-8.76,-35.1,78.46,77,61,3.4
144,Sa Kaeo,TH,2020-04-15 07:21:54,13.81,102.07,94.62,43,73,4.9
145,Longyearbyen,SJ,2020-04-15 07:21:54,78.22,15.64,33.8,69,75,26.4
146,Mar Del Plata,AR,2020-04-15 07:19:45,-38.0,-57.56,59.0,76,20,13.87
147,Kodiak,US,2020-04-15 07:21:55,57.79,-152.41,42.8,87,90,10.29
148,Inhambane,MZ,2020-04-15 07:21:55,-23.86,35.38,84.2,74,75,11.41
149,Cayenne,GF,2020-04-15 07:21:55,4.93,-52.33,75.2,94,89,5.08
150,Kurchum,KZ,2020-04-15 07:21:56,48.57,83.65,51.75,48,99,5.7
151,Gat,IL,2020-04-15 07:17:57,31.61,34.76,70.0,68,2,3.36
152,Jamestown,US,2020-04-15 07:21:56,42.1,-79.24,32.0,100,90,4.0
153,Khatanga,RU,2020-04-15 07:21:56,71.97,102.5,7.11,90,69,3.33
154,Takikawa,JP,2020-04-15 07:21:56,43.55,141.91,42.8,51,75,17.22
155,Iqaluit,CA,2020-04-15 07:21:57,63.75,-68.51,17.6,72,75,24.16
156,Boueni,YT,2020-04-15 07:21:57,-12.9,45.08,91.4,59,5,8.05
157,Kaitangata,NZ,2020-04-15 07:21:57,-46.28,169.85,50.0,74,100,4.0
158,Yellowknife,CA,2020-04-15 07:21:57,62.46,-114.35,21.2,67,20,10.29
159,Dwarka,IN,2020-04-15 07:21:57,22.24,68.97,80.24,78,4,13.85
160,Coralville,US,2020-04-15 07:19:11,41.68,-91.58,28.99,92,90,8.05
161,Arraial Do Cabo,BR,2020-04-15 07:21:58,-22.97,-42.03,75.15,83,93,18.54
162,Chokurdakh,RU,2020-04-15 07:21:58,70.63,147.92,-1.16,90,1,8.81
163,Fernie,CA,2020-04-15 07:21:59,49.5,-115.07,41.0,61,90,11.41
164,Sao Felix Do Xingu,BR,2020-04-15 07:21:59,-6.64,-51.99,69.17,92,100,1.92
165,Mabamba,TZ,2020-04-15 07:21:59,-3.6,30.5,67.84,60,90,1.74
166,Foumbot,CM,2020-04-15 07:21:59,5.51,10.64,69.93,59,87,1.74
167,Lima,PE,2020-04-15 07:19:36,-12.04,-77.03,73.4,73,75,8.05
168,East London,ZA,2020-04-15 07:22:00,-33.02,27.91,62.6,93,40,4.7
169,Santa Rosa,PH,2020-04-15 07:22:00,14.31,121.11,93.2,56,20,11.41
170,Lucea,JM,2020-04-15 07:22:00,18.45,-78.17,77.0,88,20,1.12
171,Cabo San Lucas,MX,2020-04-15 07:20:57,22.89,-109.91,64.99,62,99,1.01
172,Andros Town,BS,2020-04-15 07:22:01,24.7,-77.77,77.0,81,2,16.24
173,Qena,EG,2020-04-15 07:22:01,26.16,32.72,71.6,40,0,4.7
174,Agirish,RU,2020-04-15 07:22:01,61.92,63.02,36.16,92,100,8.46
175,Paamiut,GL,2020-04-15 07:22:01,61.99,-49.67,30.43,86,100,11.3
176,Poum,NC,2020-04-15 07:21:09,-20.23,164.02,79.0,80,40,16.46
177,Yumen,CN,2020-04-15 07:22:01,40.28,97.2,66.9,20,57,12.75
178,Deputatskiy,RU,2020-04-15 07:22:02,69.3,139.9,1.6,88,100,4.43
179,Hearst,CA,2020-04-15 07:22:02,49.68,-83.67,10.83,94,100,2.84
180,Klaksvik,FO,2020-04-15 07:22:02,62.23,-6.59,46.4,93,93,23.04
181,Mudgee,AU,2020-04-15 07:18:51,-32.59,149.59,77.0,44,51,8.05
182,Snezhnogorsk,RU,2020-04-15 07:22:02,69.19,33.25,37.4,64,40,8.95
183,Namatanai,PG,2020-04-15 07:22:03,-3.67,152.43,84.16,67,91,1.03
184,Amel,BE,2020-04-15 07:22:03,50.35,6.17,44.01,60,1,5.82
185,Margate,GB,2020-04-15 07:22:03,51.38,1.39,48.2,93,99,2.24
186,Huancabamba,PE,2020-04-15 07:22:03,-5.24,-79.45,58.98,50,100,2.04
187,Umm Lajj,SA,2020-04-15 07:22:03,25.02,37.27,74.79,45,0,7.76
188,Coquimbo,CL,2020-04-15 07:22:04,-29.95,-71.34,59.0,82,1,2.24
189,Thompson,CA,2020-04-15 07:22:04,55.74,-97.86,6.8,60,5,5.82
190,Bembereke,BJ,2020-04-15 07:22:04,10.23,2.66,78.76,56,0,7.58
191,Tezu,IN,2020-04-15 07:22:04,27.92,96.17,100.13,16,0,6.31
192,Muromtsevo,RU,2020-04-15 07:22:04,56.37,75.24,48.07,55,50,9.6
193,Mehamn,NO,2020-04-15 07:22:05,71.04,27.85,37.4,74,75,19.46
194,Chuy,UY,2020-04-15 07:22:05,-33.7,-53.46,59.36,87,100,26.87
195,Alofi,NU,2020-04-15 07:22:05,-19.06,-169.92,75.2,88,95,4.7
196,Nabire,ID,2020-04-15 07:19:58,-3.37,135.48,86.04,66,81,4.25
197,Am Timan,TD,2020-04-15 07:22:05,11.03,20.28,83.01,12,29,9.24
198,Salalah,OM,2020-04-15 07:21:49,17.02,54.09,84.2,70,75,10.29
199,Ramona,US,2020-04-15 07:22:06,33.04,-116.87,61.0,76,1,0.98
200,Saint-Philippe,RE,2020-04-15 07:22:06,-21.36,55.77,84.2,66,10,31.09
201,Daru,PG,2020-04-15 07:22:06,-9.08,143.21,83.3,78,90,9.91
202,Geraldton,AU,2020-04-15 07:22:07,-28.77,114.6,77.0,44,38,18.34
203,Sar-E Pul,AF,2020-04-15 07:22:07,35.83,66.17,48.54,43,55,1.72
204,Henties Bay,NA,2020-04-15 07:22:07,-22.12,14.28,57.99,90,0,5.99
205,Thunder Bay,CA,2020-04-15 07:21:48,48.4,-89.32,18.0,67,5,4.7
206,Alta,NO,2020-04-15 07:22:07,69.97,23.27,33.8,69,88,16.11
207,Guerrero Negro,MX,2020-04-15 07:22:08,27.98,-114.06,62.06,79,60,13.35
208,Yulara,AU,2020-04-15 07:22:08,-25.24,130.99,96.8,8,9,6.93
209,Sobolevo,RU,2020-04-15 07:22:08,54.43,31.9,34.25,80,100,15.75
210,Pevek,RU,2020-04-15 07:22:08,69.7,170.31,9.41,93,36,1.77
211,Juneau,US,2020-04-15 07:22:08,58.3,-134.42,43.0,100,1,2.01
212,Ginir,ET,2020-04-15 07:22:09,7.13,40.7,69.24,42,19,4.03
213,Kozlovka,RU,2020-04-15 07:22:09,55.84,48.25,55.4,37,77,17.9
214,Teahupoo,PF,2020-04-15 07:22:09,-17.83,-149.27,82.4,74,20,3.36
215,Tazovskiy,RU,2020-04-15 07:22:09,67.47,78.7,16.2,90,4,9.17
216,Qaanaaq,GL,2020-04-15 07:22:09,77.48,-69.36,11.43,92,100,2.8
217,Bredasdorp,ZA,2020-04-15 07:22:10,-34.53,20.04,57.99,93,90,3.36
218,Dakoro,NE,2020-04-15 07:22:10,14.51,6.76,78.33,14,10,9.42
219,Mariana,BR,2020-04-15 07:22:10,-20.38,-43.42,63.03,74,87,1.86
220,Kahului,US,2020-04-15 07:22:10,20.89,-156.47,75.2,83,20,5.82
221,Bilibino,RU,2020-04-15 07:22:10,68.05,166.44,16.88,89,85,0.65
222,Cidreira,BR,2020-04-15 07:22:11,-30.18,-50.21,60.44,67,33,21.3
223,Leshukonskoye,RU,2020-04-15 07:22:11,64.9,45.76,39.15,76,84,13.67
224,Dudinka,RU,2020-04-15 07:22:11,69.41,86.18,6.8,77,7,13.42
225,Carutapera,BR,2020-04-15 07:22:11,-1.2,-46.02,72.59,95,100,9.01
226,Caramay,PH,2020-04-15 07:22:11,10.18,119.24,85.48,67,11,4.0
227,Lompoc,US,2020-04-15 07:22:12,34.64,-120.46,57.0,87,1,3.36
228,Lagoa,PT,2020-04-15 07:22:12,39.05,-27.98,55.78,70,35,24.81
229,San Policarpo,PH,2020-04-15 07:22:12,12.18,125.51,83.75,69,0,8.39
230,Lorengau,PG,2020-04-15 07:22:12,-2.02,147.27,84.38,68,45,3.78
231,Clarence Town,AU,2020-04-15 07:22:13,-32.58,151.78,80.01,64,57,9.17
232,Dingle,PH,2020-04-15 07:22:13,11.0,122.67,90.25,49,23,10.74
233,Marawi,PH,2020-04-15 07:22:13,8.0,124.29,81.7,55,72,4.12
234,Ancud,CL,2020-04-15 07:22:13,-41.87,-73.82,50.0,100,90,13.87
235,Santa Maria,BR,2020-04-15 07:22:13,-29.68,-53.81,47.55,66,0,4.68
236,Maceio,BR,2020-04-15 07:18:29,-9.67,-35.74,77.54,76,55,1.83
237,Jasper,US,2020-04-15 07:22:14,37.2,-94.35,41.0,74,1,9.17
238,Ribeira Grande,PT,2020-04-15 07:22:14,38.52,-28.7,53.6,76,40,14.99
239,Tasiilaq,GL,2020-04-15 07:22:14,65.61,-37.64,24.8,68,2,1.12
240,Tabas,IR,2020-04-15 07:22:14,33.6,56.92,66.2,48,11,4.7
241,Yurty,RU,2020-04-15 07:22:15,56.05,97.63,57.9,31,22,9.01
242,Arman,RU,2020-04-15 07:22:15,59.7,150.17,30.72,91,84,3.0
243,Tshikapa,CD,2020-04-15 07:22:15,-6.42,20.8,75.04,79,96,1.66
244,Honiara,SB,2020-04-15 07:22:15,-9.43,159.95,78.8,100,75,4.7
245,Ajdabiya,LY,2020-04-15 07:22:15,30.76,20.23,75.15,24,99,7.58
246,Abu Samrah,SY,2020-04-15 07:22:16,35.3,37.18,67.57,28,0,6.35
247,Namibe,AO,2020-04-15 07:22:16,-15.2,12.15,74.53,70,31,3.51
248,Adolfo Ruiz Cortines,MX,2020-04-15 07:22:16,25.75,-108.75,63.0,78,57,3.0
249,Faanui,PF,2020-04-15 07:22:16,-16.48,-151.75,83.21,66,17,6.98
250,Kavaratti,IN,2020-04-15 07:19:08,10.57,72.64,89.6,62,20,4.7
251,Winslow,US,2020-04-15 07:22:16,35.02,-110.7,35.6,80,1,5.82
252,Kibala,TD,2020-04-15 07:22:17,9.11,18.35,87.8,52,58,3.98
253,Provideniya,RU,2020-04-15 07:22:17,64.38,-173.3,32.0,97,90,6.71
254,Portland,US,2020-04-15 07:18:11,45.52,-122.68,51.01,71,40,1.86
255,Meulaboh,ID,2020-04-15 07:22:17,4.14,96.13,87.98,59,49,2.64
256,Seymchan,RU,2020-04-15 07:22:17,62.88,152.43,20.55,87,100,0.81
257,Kauhajoki,FI,2020-04-15 07:22:18,62.43,22.18,35.01,90,90,4.7
258,Port-Gentil,GA,2020-04-15 07:22:18,-0.72,8.78,82.4,94,75,3.36
259,Langfang,CN,2020-04-15 07:22:18,39.51,116.69,81.0,35,80,4.47
260,Ambon,ID,2020-04-15 07:22:18,-3.7,128.18,87.8,70,40,5.82
261,Casas Grandes,MX,2020-04-15 07:22:18,30.37,-107.95,54.05,22,29,3.02
262,Swellendam,ZA,2020-04-15 07:22:19,-34.02,20.44,55.4,93,90,3.36
263,Labuan,MY,2020-04-15 07:22:19,5.28,115.24,89.01,79,75,5.82
264,Santa Cecilia,BR,2020-04-15 07:22:19,-26.96,-50.43,42.35,65,41,5.91
265,The Valley,AI,2020-04-15 07:22:19,18.22,-63.06,79.0,83,40,9.17
266,Wajima,JP,2020-04-15 07:22:19,37.4,136.9,59.0,47,90,12.75
267,Bathsheba,BB,2020-04-15 07:22:20,13.22,-59.52,78.8,74,40,14.99
268,Flinders,AU,2020-04-15 07:22:20,-34.58,150.86,82.99,57,41,4.7
269,Qeshm,IR,2020-04-15 07:22:20,26.96,56.27,87.8,38,90,9.17
270,Ballina,AU,2020-04-15 07:22:20,-28.87,153.57,73.4,64,1,5.82
271,Jizan,SA,2020-04-15 07:22:20,17.33,42.67,87.8,70,75,9.17
272,Nkoteng,CM,2020-04-15 07:22:20,4.52,12.03,73.17,78,100,2.71
273,Ordzhonikidze,KZ,2020-04-15 07:22:21,52.44,61.74,43.77,70,51,12.15
274,Dali,CN,2020-04-15 07:22:21,25.7,100.18,80.37,11,0,7.94
275,Clyde River,CA,2020-04-15 07:22:21,70.47,-68.59,-5.8,83,1,2.24
276,Bubaque,GW,2020-04-15 07:18:06,11.28,-15.83,79.05,60,84,9.1
277,Verkhnyaya Inta,RU,2020-04-15 07:22:22,65.98,60.31,36.72,88,11,11.54
278,Dunhua,CN,2020-04-15 07:22:22,43.37,128.24,61.2,25,52,3.91
279,Ostrovnoy,RU,2020-04-15 07:22:22,68.05,39.51,36.01,94,100,13.85
280,Coihaique,CL,2020-04-15 07:22:22,-45.58,-72.07,46.4,93,100,2.33
281,Nuuk,GL,2020-04-15 07:22:22,64.18,-51.72,28.4,68,97,19.46
282,Gushikawa,JP,2020-04-15 07:22:23,26.35,127.87,69.8,52,75,10.29
283,San Antonio,US,2020-04-15 07:20:16,29.42,-98.49,52.0,62,1,10.29
284,Sur,OM,2020-04-15 07:22:23,22.57,59.53,90.59,29,53,4.9
285,Ahipara,NZ,2020-04-15 07:22:23,-35.17,173.17,60.89,72,83,12.77
286,Bafq,IR,2020-04-15 07:22:23,31.61,55.41,64.67,30,12,2.46
287,Georgetown,MY,2020-04-15 07:22:23,5.41,100.34,93.2,63,40,9.17
288,Nhulunbuy,AU,2020-04-15 07:22:24,-12.23,136.77,86.0,66,40,13.87
289,Baglan,AF,2020-04-15 07:22:24,36.13,68.71,56.41,57,98,2.59
290,Puerto Escondido,MX,2020-04-15 07:22:24,15.85,-97.07,77.9,71,100,3.8
291,Bengkulu,ID,2020-04-15 07:19:17,-3.8,102.27,83.84,75,94,2.82
292,Okhotsk,RU,2020-04-15 07:22:24,59.38,143.3,33.71,82,0,4.03
293,Grindavik,IS,2020-04-15 07:22:25,63.84,-22.43,37.4,74,75,26.4
294,Lugovoy,KZ,2020-04-15 07:20:07,42.95,72.76,46.53,61,100,7.72
295,Iquique,CL,2020-04-15 07:22:25,-20.22,-70.14,66.2,63,8,2.24
296,Sitka,US,2020-04-15 07:22:25,57.05,-135.33,44.6,93,90,3.36
297,Isangel,VU,2020-04-15 07:22:25,-19.55,169.27,84.2,74,75,8.79
298,Elko,US,2020-04-15 07:22:26,41.0,-115.5,42.01,37,90,4.7
299,Riohacha,CO,2020-04-15 07:22:26,11.54,-72.91,77.47,80,7,8.68
300,Nanortalik,GL,2020-04-15 07:22:26,60.14,-45.24,30.16,95,99,13.65
301,Souillac,MU,2020-04-15 07:22:27,-20.52,57.52,82.0,74,75,17.22
302,Iwaki,JP,2020-04-15 07:22:27,37.05,140.88,64.4,27,28,11.41
303,San Jeronimo,PE,2020-04-15 07:22:27,-11.95,-75.28,47.66,25,55,1.9
304,Yura,PE,2020-04-15 07:22:27,-16.25,-71.68,51.94,28,32,0.18
305,Verkh-Usugli,RU,2020-04-15 07:22:27,52.7,115.17,51.53,29,94,5.75
306,Virginia Beach,US,2020-04-15 07:20:25,36.85,-75.98,51.8,81,90,9.17
307,Rasova,RO,2020-04-15 07:22:28,44.25,27.93,48.99,54,75,13.87
308,Beatrice,US,2020-04-15 07:22:28,40.27,-96.75,32.0,71,40,5.7
309,Makakilo City,US,2020-04-15 07:20:20,21.35,-158.09,78.8,94,1,4.7
310,Muros,ES,2020-04-15 07:22:28,42.78,-9.06,57.99,81,20,2.24
311,Luderitz,NA,2020-04-15 07:22:29,-26.65,15.16,60.8,67,3,6.93
312,Yar-Sale,RU,2020-04-15 07:22:29,66.83,70.83,32.52,98,100,11.05
313,Tacuarembo,UY,2020-04-15 07:22:29,-31.73,-55.98,49.28,68,0,12.1
314,Coronado,US,2020-04-15 07:22:29,32.69,-117.18,60.8,82,20,5.82
315,Jumla,NP,2020-04-15 07:22:29,29.27,82.18,73.99,92,59,1.01
316,Chapais,CA,2020-04-15 07:22:30,49.78,-74.85,17.6,67,75,8.05
317,Vila Franca Do Campo,PT,2020-04-15 07:22:30,37.72,-25.43,51.8,81,75,19.46
318,Minuri,PH,2020-04-15 07:22:30,16.54,121.86,84.25,67,65,3.11
319,Port Keats,AU,2020-04-15 07:22:30,-14.25,129.55,88.57,48,55,3.11
320,Tura,IN,2020-04-15 07:22:30,25.52,90.22,95.4,27,25,5.86
321,Chebenki,RU,2020-04-15 07:22:31,51.93,55.71,55.4,47,75,20.13
322,Kununurra,AU,2020-04-15 07:22:31,-15.77,128.73,96.8,25,40,8.05
323,Anadyr,RU,2020-04-15 07:22:31,64.75,177.48,15.8,85,90,4.47
324,Williston,US,2020-04-15 07:21:30,48.15,-103.62,27.0,78,1,4.0
325,Aswan,EG,2020-04-15 07:22:31,24.09,32.91,71.6,30,0,10.29
326,Torbay,CA,2020-04-15 07:22:32,47.67,-52.73,39.0,100,90,21.92
327,Ruteng,ID,2020-04-15 07:22:32,-8.61,120.47,72.82,70,71,2.08
328,Vidalia,US,2020-04-15 07:22:32,32.22,-82.41,73.4,63,75,10.29
329,Bosaso,SO,2020-04-15 07:22:32,11.28,49.18,86.94,59,38,6.98
330,Chiredzi,ZW,2020-04-15 07:22:33,-21.05,31.67,75.09,53,4,2.82
331,Severo-Kurilsk,RU,2020-04-15 07:22:33,50.68,156.12,31.82,93,100,12.01
332,Lebu,CL,2020-04-15 07:22:33,-37.62,-73.65,52.48,74,100,3.11
333,Regina,CA,2020-04-15 07:20:26,50.45,-104.62,21.2,53,5,9.17
334,Zyryanka,RU,2020-04-15 07:22:33,65.75,150.85,16.52,92,27,9.86
335,Ichinohe,JP,2020-04-15 07:22:33,40.21,141.3,42.8,100,75,9.17
336,Tual,ID,2020-04-15 07:22:34,-5.67,132.75,83.61,71,90,2.73
337,Ilulissat,GL,2020-04-15 07:22:34,69.22,-51.1,21.2,57,93,9.17
338,Lindi,TZ,2020-04-15 07:22:34,-10.0,39.72,80.6,94,20,8.05
339,Wentzville,US,2020-04-15 07:22:34,38.81,-90.85,39.0,64,1,4.7
340,Awbari,LY,2020-04-15 07:22:34,26.59,12.78,78.64,19,77,10.51
341,Krasnogorsk,RU,2020-04-15 07:22:35,55.82,37.32,39.2,64,40,8.95
342,Lufilufi,WS,2020-04-15 07:22:35,-13.87,-171.6,84.0,79,73,10.92
343,Faya,SA,2020-04-15 07:22:35,18.39,42.45,69.8,64,40,16.11
344,Barcelona,ES,2020-04-15 07:22:35,41.39,2.16,60.01,87,40,5.82
345,Kapit,MY,2020-04-15 07:22:35,2.02,112.93,94.69,48,33,1.01
346,College,US,2020-04-15 07:22:36,64.86,-147.8,37.4,74,75,1.05
347,Tommot,RU,2020-04-15 07:22:36,58.96,126.29,44.64,53,25,8.34
348,Cozumel,MX,2020-04-15 07:22:36,20.51,-86.95,80.6,78,5,11.41
349,Vila Velha,BR,2020-04-15 07:19:01,-20.33,-40.29,72.0,94,40,2.24
350,Ndele,CF,2020-04-15 07:22:36,8.41,20.65,81.14,30,50,3.18
351,Polunochnoye,RU,2020-04-15 07:22:37,60.87,60.42,36.5,92,100,3.38
352,Kisangani,CD,2020-04-15 07:22:37,0.52,25.2,75.52,75,100,2.62
353,Barabinsk,RU,2020-04-15 07:18:58,55.36,78.36,43.52,72,99,9.69
354,Foggia,IT,2020-04-15 07:22:37,41.45,15.53,48.99,75,20,6.93
355,Ponta Do Sol,PT,2020-04-15 07:22:37,32.67,-17.1,57.2,67,20,4.7
356,Carballo,ES,2020-04-15 07:22:38,43.21,-8.69,57.2,71,100,3.36
357,Praia,CV,2020-04-15 07:22:38,14.92,-23.51,69.8,73,20,11.41
358,Ducheng,CN,2020-04-15 07:22:38,23.24,111.53,81.0,40,96,3.49
359,Lakatoro,VU,2020-04-15 07:22:38,-16.1,167.42,82.4,83,90,3.36
360,Itarema,BR,2020-04-15 07:22:38,-2.92,-39.92,74.48,87,90,3.49
361,Beira,MZ,2020-04-15 07:22:39,-19.84,34.84,86.0,70,40,12.75
362,Jining,CN,2020-04-15 07:22:39,35.41,116.58,76.37,41,1,12.15
363,Hokitika,NZ,2020-04-15 07:22:39,-42.72,170.97,51.6,63,66,4.94
364,Abha,SA,2020-04-15 07:22:39,18.22,42.51,69.8,64,40,16.11
365,Diamantino,BR,2020-04-15 07:22:39,-14.41,-56.45,72.01,88,96,4.52
366,Marquette,US,2020-04-15 07:22:40,46.53,-87.63,21.99,72,1,8.05
367,Oksbol,DK,2020-04-15 07:22:40,55.63,8.29,44.6,87,100,14.99
368,Husavik,IS,2020-04-15 07:22:40,66.04,-17.34,35.6,74,75,23.04
369,Bolshoy Lug,RU,2020-04-15 07:22:40,52.08,104.09,57.2,22,0,4.47
370,Jawa,JO,2020-04-15 07:22:41,31.85,35.94,68.0,42,0,6.93
371,Krasnooktyabrskiy,RU,2020-04-15 07:22:41,44.93,38.37,69.01,24,100,13.42
372,Port Hardy,CA,2020-04-15 07:22:41,50.7,-127.42,50.0,81,75,5.82
373,Almaznyy,RU,2020-04-15 07:22:41,48.04,40.05,57.2,62,20,22.37
374,Kouango,CF,2020-04-15 07:22:41,4.99,19.96,78.94,69,7,3.42
375,Teapa,MX,2020-04-15 07:22:41,17.55,-92.95,79.23,69,74,1.05
376,Kendari,ID,2020-04-15 07:22:42,-3.94,122.5,83.57,83,87,4.83
377,Rawson,AR,2020-04-15 07:22:42,-43.3,-65.1,58.59,71,82,18.34
378,Oyama,JP,2020-04-15 07:22:42,36.3,139.8,69.01,35,58,8.19
379,Maraa,BR,2020-04-15 07:22:42,-1.83,-65.37,72.81,94,84,0.81
380,Honningsvag,NO,2020-04-15 07:22:43,70.98,25.97,37.4,74,75,19.46
381,Karsava,LV,2020-04-15 07:22:43,56.78,27.69,33.33,90,98,8.08
382,Roswell,US,2020-04-15 07:20:06,34.02,-84.36,48.99,61,90,14.99
383,Rognedino,RU,2020-04-15 07:22:43,53.8,33.56,35.92,75,53,12.97
384,Oksfjord,NO,2020-04-15 07:22:43,70.24,22.35,33.8,69,75,8.05
385,Ixtapa,MX,2020-04-15 07:22:44,20.7,-105.2,64.4,88,5,4.7
386,Pangnirtung,CA,2020-04-15 07:22:44,66.15,-65.71,9.7,83,92,7.83
387,Rio Gallegos,AR,2020-04-15 07:22:44,-51.62,-69.22,35.6,69,53,5.82
388,Kyshtovka,RU,2020-04-15 07:22:44,56.55,76.63,46.56,65,100,9.44
389,Bellefontaine,US,2020-04-15 07:20:08,40.36,-83.76,32.0,74,1,7.94
390,Lunino,RU,2020-04-15 07:22:45,53.59,45.23,48.0,37,93,17.72
391,Ngunguru,NZ,2020-04-15 07:22:45,-35.62,174.5,57.0,84,81,1.99
392,Belaya Gora,RU,2020-04-15 07:22:45,68.53,146.42,13.98,93,61,10.67
393,Porto Velho,BR,2020-04-15 07:22:45,-8.76,-63.9,75.2,94,40,4.7
394,Prince Rupert,CA,2020-04-15 07:22:46,54.32,-130.32,46.4,100,90,2.24
395,Bastrop,US,2020-04-15 07:22:46,32.76,-91.87,44.6,86,1,7.27
396,Constitucion,CL,2020-04-15 07:22:46,-35.33,-72.42,53.73,59,55,2.15
397,Chikola,RU,2020-04-15 07:22:47,43.19,43.92,73.4,11,20,6.71
398,Bambous Virieux,MU,2020-04-15 07:22:47,-20.34,57.76,82.0,74,75,17.22
399,Yagodnoye,RU,2020-04-15 07:22:47,62.55,149.67,17.83,86,54,2.08
400,Saurimo,AO,2020-04-15 07:22:47,-9.66,20.39,69.53,68,98,2.24
401,Berlevag,NO,2020-04-15 07:22:47,70.86,29.09,32.0,83,40,20.8
402,Menongue,AO,2020-04-15 07:22:48,-14.66,17.69,65.77,54,36,2.28
403,Bratsk,RU,2020-04-15 07:20:06,56.13,101.61,57.2,17,0,6.71
404,Kieta,PG,2020-04-15 07:22:48,-6.22,155.63,84.07,72,87,2.64
405,Stornoway,GB,2020-04-15 07:22:48,58.21,-6.39,48.99,81,75,11.41
406,Benghazi,LY,2020-04-15 07:22:48,32.12,20.07,74.07,31,100,16.04
407,Gimli,CA,2020-04-15 07:22:49,50.63,-96.99,19.0,79,69,3.65
408,Dongsheng,CN,2020-04-15 07:22:49,39.82,109.98,54.95,20,100,11.95
409,Mangai,CD,2020-04-15 07:22:49,-4.05,19.53,77.16,72,56,0.78
410,Qasigiannguit,GL,2020-04-15 07:22:49,68.82,-51.19,21.2,57,87,9.17
411,Chimbote,PE,2020-04-15 07:22:50,-9.09,-78.58,71.22,82,7,4.81
412,Siniscola,IT,2020-04-15 07:22:50,40.57,9.69,59.0,54,8,10.29
413,Boa Vista,BR,2020-04-15 07:19:57,2.82,-60.67,80.6,65,95,8.05
414,Sao Jose Da Coroa Grande,BR,2020-04-15 07:22:50,-8.9,-35.15,78.51,77,54,3.0
415,Gamba,GA,2020-04-15 07:22:51,-2.65,10.0,79.61,87,90,5.82
416,Joshimath,IN,2020-04-15 07:19:08,30.57,79.57,68.9,17,55,4.79
417,Lubsko,PL,2020-04-15 07:22:51,51.78,14.97,44.01,73,75,17.22
418,Russell,US,2020-04-15 07:22:51,32.35,-85.2,57.0,62,1,11.41
419,Grande Prairie,CA,2020-04-15 07:20:49,55.17,-118.8,35.6,74,75,10.29
420,Zhigansk,RU,2020-04-15 07:22:52,66.77,123.37,19.18,92,57,14.07
421,Nerchinskiy Zavod,RU,2020-04-15 07:22:52,51.31,119.61,54.63,27,42,8.08
422,Bissau,GW,2020-04-15 07:21:51,11.86,-15.6,73.51,44,79,5.53
423,Rathdrum,US,2020-04-15 07:22:05,47.81,-116.89,51.8,57,40,6.93
424,Matamoros,MX,2020-04-15 07:22:52,25.53,-103.25,64.99,49,15,8.93
425,Humaita,BR,2020-04-15 07:22:53,-7.51,-63.02,73.15,96,100,2.19
426,Jaque,PA,2020-04-15 07:22:53,7.52,-78.17,75.58,85,21,3.31
427,Redmond,US,2020-04-15 07:22:35,47.67,-122.12,54.0,71,90,6.93
428,Mogwase,ZA,2020-04-15 07:22:53,-25.18,27.27,62.28,59,8,2.68
429,Dukat,RU,2020-04-15 07:22:53,62.55,155.55,15.26,87,100,4.05
430,Sawakin,SD,2020-04-15 07:22:54,19.11,37.33,77.22,48,0,8.9
431,Tilichiki,RU,2020-04-15 07:22:54,60.47,166.1,23.97,96,100,6.8
432,La Rochelle,FR,2020-04-15 07:22:54,46.17,-1.15,44.6,56,0,16.11
433,Arucas,ES,2020-04-15 07:18:10,28.12,-15.52,66.2,63,75,5.82
434,Adjumani,UG,2020-04-15 07:22:54,3.38,31.79,74.52,65,81,3.65
435,Tuxpan,MX,2020-04-15 07:22:55,19.55,-103.4,64.85,31,100,2.44
436,Oeiras,BR,2020-04-15 07:22:55,-7.03,-42.13,72.03,91,100,4.43
437,Havre-Saint-Pierre,CA,2020-04-15 07:22:55,50.23,-63.6,32.0,91,1,16.11
438,Bolotnoye,RU,2020-04-15 07:22:55,55.67,84.4,42.44,85,100,5.55
439,Morrinhos,BR,2020-04-15 07:22:55,-17.73,-49.1,66.78,75,93,1.72
440,Lerwick,GB,2020-04-15 07:22:56,60.15,-1.15,46.4,87,75,25.28
441,Sovetskiy,RU,2020-04-15 07:22:56,61.36,63.58,38.3,93,100,2.59
442,Filadelfia,US,2020-04-15 07:19:06,39.95,-75.16,45.0,75,90,12.75
443,Cap Malheureux,MU,2020-04-15 07:22:56,-19.98,57.61,82.0,74,75,17.22
444,Martinopolis,BR,2020-04-15 07:22:56,-22.15,-51.17,59.0,77,15,8.05
445,Bedesa,ET,2020-04-15 07:22:57,8.9,40.78,72.14,41,90,4.81
446,Lodja,CD,2020-04-15 07:22:57,-3.48,23.43,74.75,78,25,0.51
447,Hayden,US,2020-04-15 07:22:57,47.77,-116.79,51.8,57,40,6.93
448,Umba,RU,2020-04-15 07:22:57,66.69,34.34,32.09,97,100,9.98
449,Varhaug,NO,2020-04-15 07:22:57,58.61,5.65,45.0,93,75,10.29
450,Kindu,CD,2020-04-15 07:22:58,-2.95,25.95,75.42,75,99,2.42
451,Narsaq,GL,2020-04-15 07:22:58,60.92,-46.05,26.6,86,98,4.7
452,Frekhaug,NO,2020-04-15 07:22:05,60.51,5.24,45.0,100,75,11.41
453,Coruripe,BR,2020-04-15 07:22:58,-10.13,-36.18,77.52,79,68,4.32
454,Anahuac,MX,2020-04-15 07:22:58,27.23,-100.15,58.87,59,84,5.26
455,Lichuan,CN,2020-04-15 07:22:59,30.3,108.85,71.58,30,0,2.93
456,Inongo,CD,2020-04-15 07:22:59,-1.95,18.27,77.18,77,80,2.08
457,Portobelo,PA,2020-04-15 07:22:59,9.55,-79.65,77.0,83,35,4.74
458,Hot Springs,US,2020-04-15 07:22:59,34.5,-93.06,39.0,72,1,1.77
459,Gravdal,NO,2020-04-15 07:23:00,68.12,13.5,39.2,64,40,12.75
460,Byron Bay,AU,2020-04-15 07:19:34,-28.65,153.62,75.0,64,4,5.82
461,Sulangan,PH,2020-04-15 07:23:00,11.14,123.72,85.69,57,0,2.35
462,Taft,IR,2020-04-15 07:23:00,31.75,54.21,64.4,36,40,4.7
463,Anjozorobe,MG,2020-04-15 07:23:01,-18.4,47.87,68.0,77,75,11.41
464,Hamilton,US,2020-04-15 07:20:57,39.18,-84.53,33.01,92,1,4.68
465,Luanda,AO,2020-04-15 07:18:11,-8.84,13.23,80.6,83,40,12.75
466,Wanning,CN,2020-04-15 07:23:01,18.8,110.4,77.58,64,67,4.65
467,Imbituba,BR,2020-04-15 07:18:35,-28.24,-48.67,60.8,63,4,3.36
468,Saint-Pierre,RE,2020-04-15 07:23:02,-21.34,55.48,84.2,66,9,31.09
469,Tadine,NC,2020-04-15 07:23:02,-21.55,167.88,75.96,82,99,15.86
470,Purepero,MX,2020-04-15 07:23:02,19.92,-102.02,59.0,57,62,1.01
471,Yangliuqing,CN,2020-04-15 07:23:02,39.14,117.0,80.01,25,71,17.9
472,Berbera,SO,2020-04-15 07:18:15,10.44,45.01,85.37,69,83,4.36
473,Tessalit,ML,2020-04-15 07:23:03,20.2,1.01,76.44,34,99,19.42
474,Boyolangu,ID,2020-04-15 07:23:03,-8.12,111.89,88.25,59,72,2.55
475,Castanos,MX,2020-04-15 07:23:03,26.78,-101.42,59.0,61,50,6.17
476,Muroto,JP,2020-04-15 07:23:03,33.28,134.15,64.4,52,75,4.7
477,Labuhan,ID,2020-04-15 07:23:04,-6.88,112.21,87.53,65,13,5.06
478,Senanga,ZM,2020-04-15 07:23:04,-16.12,23.27,70.5,51,0,4.63
479,Katsuura,JP,2020-04-15 07:23:04,35.13,140.3,66.99,55,75,17.22
480,Natchitoches,US,2020-04-15 07:23:04,31.77,-93.13,46.4,75,1,5.37
481,Sorland,NO,2020-04-15 07:23:04,67.67,12.69,39.2,75,40,12.75
482,Ometepec,MX,2020-04-15 07:23:05,16.68,-98.42,71.46,68,88,1.32
483,Sola,VU,2020-04-15 07:23:05,-13.88,167.55,82.4,88,90,15.77
484,Norman,US,2020-04-15 07:23:05,35.22,-97.44,39.0,86,1,5.82
485,Camacha,PT,2020-04-15 07:23:05,33.08,-16.33,60.8,72,40,12.75
486,Paredon,MX,2020-04-15 07:23:05,16.03,-93.87,82.08,67,98,2.8
487,Burley,US,2020-04-15 07:23:06,42.54,-113.79,46.4,31,90,13.87
488,Pontes E Lacerda,BR,2020-04-15 07:23:06,-15.23,-59.34,68.86,88,99,3.38
489,Pinotepa Nacional,MX,2020-04-15 07:23:06,16.32,-98.02,73.62,75,99,3.42
490,Rosetta,EG,2020-04-15 07:23:06,31.4,30.42,57.2,87,3,3.36
491,Faribault,US,2020-04-15 07:23:06,44.3,-93.27,24.01,73,1,4.7
492,Camocim,BR,2020-04-15 07:23:07,-2.9,-40.84,73.99,88,99,5.01
493,Brae,GB,2020-04-15 07:23:07,60.4,-1.35,46.4,87,40,26.4
494,Svetlogorsk,BY,2020-04-15 07:23:07,52.63,29.73,36.59,72,22,15.48
495,Kashan,IR,2020-04-15 07:23:07,33.98,51.44,61.41,33,2,0.74
496,Sinnamary,GF,2020-04-15 07:23:07,5.38,-52.95,77.43,82,78,9.4
497,Kloulklubed,PW,2020-04-15 07:22:00,7.04,134.26,86.0,70,75,10.29
498,Northam,GB,2020-04-15 07:23:08,51.03,-4.22,45.0,76,10,5.01
499,Kirillov,RU,2020-04-15 07:23:08,59.86,38.38,35.6,74,20,4.47
500,Zatoka,UA,2020-04-15 07:23:08,46.07,30.47,46.4,52,99,13.42
501,Rivera,UY,2020-04-15 07:23:08,-30.91,-55.55,48.65,64,0,8.08
502,Talcahuano,CL,2020-04-15 07:23:09,-36.72,-73.12,50.0,93,99,2.24
503,Saint-Francois,FR,2020-04-15 07:23:09,46.42,3.91,39.99,64,0,4.18
504,Comodoro Rivadavia,AR,2020-04-15 07:21:33,-45.87,-67.5,53.6,62,78,3.36
505,Clermont,FR,2020-04-15 07:23:09,49.5,2.42,46.0,86,0,4.7
506,Bandar-E Lengeh,IR,2020-04-15 07:23:10,26.56,54.88,75.2,78,90,4.7
507,Los Algarrobos,PA,2020-04-15 07:23:10,8.5,-82.43,75.36,80,10,2.37
508,Florida,US,2020-04-15 07:20:33,28.75,-82.5,77.0,94,1,6.67
509,Halifax,CA,2020-04-15 07:20:49,44.65,-63.57,43.0,79,75,4.7
510,Megion,RU,2020-04-15 07:19:03,61.03,76.11,48.2,39,100,11.18
511,Oga,IT,2020-04-15 07:23:11,46.46,10.35,28.99,67,6,2.24
512,Hualmay,PE,2020-04-15 07:23:11,-11.1,-77.61,71.15,77,11,6.73
513,Caravelas,BR,2020-04-15 07:23:11,-17.71,-39.25,74.84,89,12,4.36
514,Manyana,BW,2020-04-15 07:23:11,-23.4,21.72,60.58,20,0,6.08
515,Balsas,BR,2020-04-15 07:23:12,-7.53,-46.04,70.23,89,100,3.49
516,Kudahuvadhoo,MV,2020-04-15 07:23:12,2.67,72.89,84.45,68,49,4.16
517,Hazleton,US,2020-04-15 07:23:12,40.96,-75.97,39.99,83,90,4.7
518,Zhanakorgan,KZ,2020-04-15 07:23:13,43.91,67.25,57.06,31,0,11.41
519,Zaozerne,UA,2020-04-15 07:23:13,45.16,33.28,44.15,79,100,21.52
520,Sawai Madhopur,IN,2020-04-15 07:23:13,25.98,76.37,101.79,8,90,10.78
521,Makueni,KE,2020-04-15 07:23:13,-1.8,37.62,73.26,56,100,1.41
522,Leningradskiy,RU,2020-04-15 07:23:13,69.38,178.42,13.3,95,100,1.95
523,San Cristobal,VE,2020-04-15 07:23:14,7.77,-72.22,66.81,58,30,1.7
524,Nemuro,JP,2020-04-15 07:23:14,43.32,145.57,35.6,59,75,10.29
525,Sibolga,ID,2020-04-15 07:23:14,1.74,98.78,85.95,71,77,3.78
526,Iraray,PH,2020-04-15 07:23:14,8.99,118.05,87.76,54,0,8.1
527,Lillooet,CA,2020-04-15 07:23:14,50.69,-121.94,46.4,100,90,2.24
528,Hambantota,LK,2020-04-15 07:23:15,6.12,81.12,91.4,63,75,9.17
529,Baherden,TM,2020-04-15 07:23:15,38.44,57.43,62.76,35,0,14.5
530,Port Said,EG,2020-04-15 07:21:58,31.26,32.28,68.0,77,0,5.82
531,Sillod,IN,2020-04-15 07:23:15,20.3,75.65,100.4,16,9,5.82
532,Yeppoon,AU,2020-04-15 07:20:27,-23.13,150.73,80.6,47,9,9.17
533,Kungalv,SE,2020-04-15 07:23:16,57.87,11.98,50.0,81,75,16.11
534,Savannah Bight,HN,2020-04-15 07:23:16,16.45,-85.85,81.23,77,0,29.37
535,Cancun,MX,2020-04-15 07:20:10,21.17,-86.85,80.6,78,5,11.41
536,Nantucket,US,2020-04-15 07:21:33,41.28,-70.1,46.4,81,90,6.93
537,Boguchar,RU,2020-04-15 07:23:17,49.94,40.55,45.77,85,100,14.38
538,Aleksandrovsk-Sakhalinskiy,RU,2020-04-15 07:23:17,50.9,142.16,32.27,93,83,19.86
539,Dunedin,NZ,2020-04-15 07:23:17,-45.87,170.5,52.0,71,100,10.0
540,Bombay,IN,2020-04-15 07:21:11,19.01,72.85,98.01,63,20,12.75
541,Bangad,PH,2020-04-15 07:23:17,15.5,121.03,89.6,59,75,11.41
542,Benguela,AO,2020-04-15 07:23:17,-12.58,13.41,82.4,78,40,1.36
543,Lexington Park,US,2020-04-15 07:23:18,38.27,-76.45,43.0,93,90,23.04
544,Bronnoysund,NO,2020-04-15 07:23:18,65.46,12.2,41.0,72,75,14.99
545,Kurilsk,RU,2020-04-15 07:23:18,45.23,147.88,30.4,94,97,13.31
546,Maragogi,BR,2020-04-15 07:23:18,-9.01,-35.22,77.52,78,47,2.53
547,Balabac,PH,2020-04-15 07:23:19,7.99,117.06,86.45,65,6,11.16
548,Arlit,NE,2020-04-15 07:23:19,18.74,7.39,82.27,12,0,6.67
549,Eirunepe,BR,2020-04-15 07:23:19,-6.66,-69.87,72.95,92,25,2.04
550,Jalu,LY,2020-04-15 07:23:19,29.03,21.55,75.81,17,86,14.72
551,Mastic Beach,US,2020-04-15 07:23:19,40.77,-72.85,46.99,75,90,6.93
552,Kortkeros,RU,2020-04-15 07:23:20,61.81,51.58,44.6,48,15,8.95
553,Vavuniya,LK,2020-04-15 07:23:20,8.75,80.5,100.69,32,6,2.33
554,Atlantis,ZA,2020-04-15 07:23:20,-33.57,18.48,63.0,93,100,3.36
555,Manggar,ID,2020-04-15 07:23:20,-2.88,108.27,84.88,71,46,5.77
556,San Joaquin,VE,2020-04-15 07:23:20,10.26,-67.79,70.48,74,12,6.11
557,Egypt Lake-Leto,US,2020-04-15 07:23:21,28.02,-82.51,79.0,83,90,5.82
558,Port-Cartier,CA,2020-04-15 07:23:21,50.03,-66.87,30.99,46,20,14.99
559,Tuatapere,NZ,2020-04-15 07:23:21,-46.13,167.68,48.99,86,100,5.01
560,Okahandja,NA,2020-04-15 07:23:21,-21.98,16.92,62.6,22,1,8.05
561,Rehoboth,NA,2020-04-15 07:20:52,-23.32,17.08,58.32,19,0,3.87
562,Paitan,PH,2020-04-15 07:23:22,6.66,124.87,95.25,41,57,1.36
563,Osa,RU,2020-04-15 07:23:22,57.28,55.46,43.84,67,21,7.02
564,Gari,RU,2020-04-15 07:23:22,59.43,62.35,42.67,76,90,5.88
565,Hornepayne,CA,2020-04-15 07:23:22,49.21,-84.77,10.02,93,96,2.33
566,Champerico,GT,2020-04-15 07:23:23,14.3,-91.92,82.38,73,99,6.31
567,Aras,ES,2020-04-15 07:23:23,42.56,-2.36,59.0,71,85,8.05
568,Mersing,MY,2020-04-15 07:23:23,2.43,103.84,91.4,66,40,9.17
569,Bambanglipuro,ID,2020-04-15 07:23:23,-7.95,110.28,86.5,65,31,5.7
570,Bermeo,ES,2020-04-15 07:23:24,43.42,-2.72,62.6,55,25,17.22
571,Coshocton,US,2020-04-15 07:19:21,40.27,-81.86,30.99,92,1,4.61
