City_ID,City,Country,Date,Lat,Lng,Max Temp,Humidity,Cloudiness,Wind Speed,Current Description,Rain Inches (Last 3 hrs),Snow Inches (Last 3 hrs)
0,Butaritari,KI,2020-04-18 03:17:07,3.07,172.79,82.33,80,82,14.81,moderate rain,5.07,0.0
1,Albany,US,2020-04-18 03:14:36,42.6,-73.97,37.0,79,100,3.87,light rain,0.0,0.0
2,Hilo,US,2020-04-18 03:17:08,19.73,-155.09,80.6,51,20,6.93,few clouds,0.0,0.0
3,Lae,PG,2020-04-18 03:17:09,-6.72,146.98,89.6,52,20,13.87,few clouds,0.0,0.0
4,Lebu,CL,2020-04-18 03:14:53,-37.62,-73.65,60.78,94,100,3.69,light rain,0.55,0.0
5,Fortuna,US,2020-04-18 03:16:10,40.6,-124.16,55.0,93,1,5.82,clear sky,0.0,0.0
6,Busselton,AU,2020-04-18 03:17:10,-33.65,115.33,75.0,37,98,7.09,overcast clouds,0.0,0.0
7,Greenwood,US,2020-04-18 03:14:06,34.17,-82.12,57.2,67,1,8.05,clear sky,0.0,0.0
8,Ahipara,NZ,2020-04-18 03:15:18,-35.17,173.17,67.1,75,13,10.94,light rain,0.13,0.0
9,Sorland,NO,2020-04-18 03:17:10,67.67,12.69,38.82,94,100,16.13,light rain,1.16,0.0
10,Heyang,CN,2020-04-18 03:17:11,26.1,107.47,70.97,62,97,13.0,light rain,0.14,0.0
11,Alofi,NU,2020-04-18 03:17:11,-19.06,-169.92,84.2,70,12,12.75,light rain,0.27,0.0
12,Korla,CN,2020-04-18 03:17:11,41.76,86.15,63.27,33,86,9.51,light rain,0.36,0.0
13,Barranca,PE,2020-04-18 03:17:11,-10.75,-77.77,73.08,73,100,8.34,overcast clouds,0.0,0.0
14,Makakilo City,US,2020-04-18 03:14:21,21.35,-158.09,84.2,45,1,6.93,clear sky,0.0,0.0
15,Codrington,AU,2020-04-18 03:16:23,-38.27,141.97,58.51,64,100,7.0,overcast clouds,0.0,0.0
16,Takoradi,GH,2020-04-18 03:17:12,4.88,-1.76,80.89,85,100,9.6,light rain,0.5,0.0
17,Nikolskoye,RU,2020-04-18 03:17:12,59.7,30.79,37.4,89,75,13.42,broken clouds,0.0,0.0
18,Kahului,US,2020-04-18 03:17:12,20.89,-156.47,82.4,51,40,20.8,scattered clouds,0.0,0.0
19,Luderitz,NA,2020-04-18 03:17:12,-26.65,15.16,53.6,87,8,2.24,clear sky,0.0,0.0
20,Turan,VN,2020-04-18 03:12:40,16.07,108.22,82.4,78,75,3.36,broken clouds,0.0,0.0
21,Jamestown,US,2020-04-18 03:16:33,42.1,-79.24,33.01,84,90,4.7,light snow,0.0,0.0
22,Beidao,CN,2020-04-18 03:17:13,34.57,105.89,58.98,33,100,3.58,overcast clouds,0.0,0.0
23,Hobart,AU,2020-04-18 03:14:42,-42.88,147.33,55.99,47,40,10.29,scattered clouds,0.0,0.0
24,Preobrazheniye,RU,2020-04-18 03:17:13,42.9,133.91,51.57,48,99,8.55,overcast clouds,0.0,0.0
25,East London,ZA,2020-04-18 03:17:14,-33.02,27.91,66.22,84,12,11.32,few clouds,0.0,0.0
26,Dovolnoye,RU,2020-04-18 03:17:14,54.5,79.67,48.63,72,0,8.19,clear sky,0.0,0.0
27,Tenenkou,ML,2020-04-18 03:17:14,14.46,-4.92,86.76,15,84,9.89,broken clouds,0.0,0.0
28,Cape Town,ZA,2020-04-18 03:13:32,-33.93,18.42,46.4,87,55,2.24,broken clouds,0.0,0.0
29,Rapid Valley,US,2020-04-18 03:17:15,44.06,-103.15,46.4,35,1,3.36,clear sky,0.0,0.0
30,Mataura,NZ,2020-04-18 03:17:15,-46.19,168.86,60.01,51,35,8.99,light rain,0.17,0.0
31,Mar Del Plata,AR,2020-04-18 03:17:15,-38.0,-57.56,61.0,87,0,9.17,clear sky,0.0,0.0
32,Guerrero Negro,MX,2020-04-18 03:15:27,27.98,-114.06,61.3,77,0,16.4,clear sky,0.0,0.0
33,Ushuaia,AR,2020-04-18 03:13:54,-54.8,-68.3,48.2,61,40,8.05,scattered clouds,0.0,0.0
34,Alyangula,AU,2020-04-18 03:17:17,-13.85,136.42,91.4,52,94,4.7,overcast clouds,0.0,0.0
35,Jalu,LY,2020-04-18 03:17:17,29.03,21.55,61.41,56,0,8.08,clear sky,0.0,0.0
36,Kalmunai,LK,2020-04-18 03:17:17,7.42,81.82,85.53,67,81,8.61,broken clouds,0.0,0.0
37,Beringovskiy,RU,2020-04-18 03:17:18,63.05,179.32,20.68,97,100,23.11,light snow,0.0,1.46
38,Punta Arenas,CL,2020-04-18 03:14:32,-53.15,-70.92,46.0,75,14,10.29,few clouds,0.0,0.0
39,Pisco,PE,2020-04-18 03:17:18,-13.7,-76.22,71.01,77,3,12.75,clear sky,0.0,0.0
40,Toktogul,KG,2020-04-18 03:17:07,41.87,72.94,55.13,27,0,1.25,clear sky,0.0,0.0
41,Kaitangata,NZ,2020-04-18 03:14:36,-46.28,169.85,55.99,78,96,17.0,light rain,2.69,0.0
42,Vaini,TO,2020-04-18 03:14:43,-21.2,-175.2,82.4,65,20,12.75,smoke,0.0,0.0
43,Georgetown,MY,2020-04-18 03:14:47,5.41,100.34,89.6,79,20,4.7,few clouds,0.0,0.0
44,San Cristobal,VE,2020-04-18 03:17:19,7.77,-72.22,68.23,54,88,1.72,light rain,0.16,0.0
45,Bilibino,RU,2020-04-18 03:14:53,68.05,166.44,10.0,85,75,7.45,broken clouds,0.0,0.0
46,Ngunguru,NZ,2020-04-18 03:16:29,-35.62,174.5,69.01,92,11,4.0,light rain,0.21,0.0
47,Rikitea,PF,2020-04-18 03:14:18,-23.12,-134.97,77.36,63,1,1.99,clear sky,0.0,0.0
48,Lasa,IT,2020-04-18 03:15:45,46.62,10.7,46.0,55,93,1.57,overcast clouds,0.0,0.0
49,Bluff,NZ,2020-04-18 03:16:15,-46.6,168.33,60.01,51,47,8.99,scattered clouds,0.0,0.0
50,Tooele,US,2020-04-18 03:17:22,40.53,-112.3,42.8,60,1,1.92,clear sky,0.0,0.0
51,Faanui,PF,2020-04-18 03:17:22,-16.48,-151.75,82.85,67,100,3.98,overcast clouds,0.0,0.0
52,Katherine,AU,2020-04-18 03:17:22,-14.47,132.27,95.0,39,40,6.93,scattered clouds,0.0,0.0
53,Tuatapere,NZ,2020-04-18 03:17:22,-46.13,167.68,60.01,51,34,8.99,scattered clouds,0.0,0.0
54,Kapaa,US,2020-04-18 03:17:23,22.08,-159.32,80.6,65,1,12.75,clear sky,0.0,0.0
55,Dikson,RU,2020-04-18 03:17:23,73.51,80.55,25.12,97,91,14.9,overcast clouds,0.0,0.0
56,Turbat,PK,2020-04-18 03:17:23,26.0,63.04,79.88,45,0,2.8,clear sky,0.0,0.0
57,Yellowknife,CA,2020-04-18 03:14:35,62.46,-114.35,24.8,68,75,6.93,broken clouds,0.0,0.0
58,Sheregesh,RU,2020-04-18 03:17:23,52.92,87.99,42.37,53,0,7.49,clear sky,0.0,0.0
59,Saint George,US,2020-04-18 03:17:24,37.1,-113.58,69.8,26,40,5.82,scattered clouds,0.0,0.0
60,Pevek,RU,2020-04-18 03:17:24,69.7,170.31,8.28,93,23,9.26,few clouds,0.0,0.0
61,Bredasdorp,ZA,2020-04-18 03:17:24,-34.53,20.04,57.99,87,100,4.7,overcast clouds,0.0,0.0
62,Provideniya,RU,2020-04-18 03:16:13,64.38,-173.3,26.51,95,100,20.11,light snow,0.0,0.19
63,Mahebourg,MU,2020-04-18 03:17:25,-20.41,57.7,77.0,83,75,12.75,shower rain,0.0,0.0
64,Dustlik,UZ,2020-04-18 03:17:25,40.52,68.04,62.98,45,0,1.92,clear sky,0.0,0.0
65,Griffith,US,2020-04-18 03:17:25,41.53,-87.42,35.6,100,1,5.46,clear sky,0.0,0.0
66,Matagami,CA,2020-04-18 03:17:25,49.75,-77.63,21.2,79,1,4.7,clear sky,0.0,0.0
67,Hithadhoo,MV,2020-04-18 03:17:26,-0.6,73.08,83.88,79,10,14.45,light rain,0.42,0.0
68,Chuy,UY,2020-04-18 03:14:40,-33.7,-53.46,60.62,83,2,5.37,clear sky,0.0,0.0
69,Hambantota,LK,2020-04-18 03:17:27,6.12,81.12,83.61,76,99,6.51,light rain,0.24,0.0
70,Malaga,ES,2020-04-18 03:13:31,36.72,-4.42,61.0,87,20,10.29,few clouds,0.0,0.0
71,New Norfolk,AU,2020-04-18 03:17:28,-42.78,147.06,55.99,70,93,1.99,light rain,0.17,0.0
72,Rancho Palos Verdes,US,2020-04-18 03:15:55,33.74,-118.39,60.01,87,40,10.09,scattered clouds,0.0,0.0
73,Oshawa,CA,2020-04-18 03:15:06,43.9,-78.85,33.01,86,75,4.65,broken clouds,0.0,0.0
74,Miranda,CO,2020-04-18 03:17:28,3.25,-76.23,71.6,78,75,4.7,broken clouds,0.0,0.0
75,Amarillo,US,2020-04-18 03:17:28,35.22,-101.83,48.0,52,1,8.05,clear sky,0.0,0.0
76,Huangchuan,CN,2020-04-18 03:17:29,32.13,115.04,55.27,81,100,14.16,light rain,1.03,0.0
77,Touros,BR,2020-04-18 03:17:29,-5.2,-35.46,77.0,94,20,8.28,few clouds,0.0,0.0
78,Hovd,MN,2020-04-18 03:17:29,48.01,91.64,45.5,35,0,3.13,clear sky,0.0,0.0
79,Barrow,US,2020-04-18 03:17:31,71.29,-156.79,10.4,85,40,18.34,scattered clouds,0.0,0.0
80,Atuona,PF,2020-04-18 03:17:31,-9.8,-139.03,82.35,75,84,13.06,broken clouds,0.0,0.0
81,Pizarro,CO,2020-04-18 03:16:03,4.95,-77.37,79.2,82,92,3.67,overcast clouds,0.0,0.0
82,Ilulissat,GL,2020-04-18 03:17:31,69.22,-51.1,26.6,73,100,4.7,overcast clouds,0.0,0.0
83,Solwezi,ZM,2020-04-18 03:17:32,-12.17,26.39,59.76,64,30,5.37,scattered clouds,0.0,0.0
84,Angoche,MZ,2020-04-18 03:17:32,-16.23,39.91,77.54,80,0,3.85,clear sky,0.0,0.0
85,La Rioja,ES,2020-04-18 03:17:32,42.25,-2.5,50.0,93,95,1.43,overcast clouds,0.0,0.0
86,Kolpashevo,RU,2020-04-18 03:17:32,58.31,82.91,43.36,67,81,10.85,broken clouds,0.0,0.0
87,Husavik,IS,2020-04-18 03:17:33,66.04,-17.34,44.6,73,0,28.86,clear sky,0.0,0.0
88,Oktyabrskiy,RU,2020-04-18 03:17:33,54.48,53.47,37.72,78,99,13.51,light snow,0.0,0.59
89,Hermanus,ZA,2020-04-18 03:16:22,-34.42,19.23,57.99,77,84,5.01,broken clouds,0.0,0.0
90,Port Elizabeth,ZA,2020-04-18 03:14:02,-33.92,25.57,60.8,87,20,4.7,few clouds,0.0,0.0
91,Sao Felix Do Xingu,BR,2020-04-18 03:17:35,-6.64,-51.99,70.65,92,100,1.28,overcast clouds,0.0,0.0
92,Cayenne,GF,2020-04-18 03:14:43,4.93,-52.33,75.2,100,75,6.6,mist,0.0,0.0
93,Richards Bay,ZA,2020-04-18 03:17:36,-28.78,32.04,67.15,82,0,6.24,clear sky,0.0,0.0
94,Sitka,US,2020-04-18 03:17:36,57.05,-135.33,50.0,76,75,3.36,broken clouds,0.0,0.0
95,Luwuk,ID,2020-04-18 03:17:36,-0.95,122.79,86.88,65,87,1.36,light rain,0.26,0.0
96,Dingle,PH,2020-04-18 03:17:36,11.0,122.67,89.1,58,39,13.56,light rain,0.21,0.0
97,Waipawa,NZ,2020-04-18 03:15:52,-41.41,175.52,64.4,63,1,20.8,clear sky,0.0,0.0
98,Dwarka,IN,2020-04-18 03:16:27,22.24,68.97,80.53,75,0,11.83,clear sky,0.0,0.0
99,Bolgatanga,GH,2020-04-18 03:17:37,10.79,-0.85,89.76,46,91,11.63,overcast clouds,0.0,0.0
100,Zyryanka,RU,2020-04-18 03:17:37,65.75,150.85,5.22,92,100,20.49,light snow,0.0,0.4
101,Hervey Bay,AU,2020-04-18 03:17:38,-25.3,152.85,89.6,40,80,4.7,broken clouds,0.0,0.0
102,Sambava,MG,2020-04-18 03:17:38,-14.27,50.17,73.76,85,57,8.16,light rain,0.32,0.0
103,Saint-Philippe,RE,2020-04-18 03:17:38,-21.36,55.77,73.4,73,38,10.29,light rain,0.98,0.0
104,Puerto Ayora,EC,2020-04-18 03:14:27,-0.74,-90.35,75.99,94,82,6.33,light rain,1.53,0.0
105,Roald,NO,2020-04-18 03:15:43,62.58,6.13,34.0,92,4,5.82,clear sky,0.0,0.0
106,Flinders,AU,2020-04-18 03:17:39,-34.58,150.86,72.0,48,0,1.99,clear sky,0.0,0.0
107,Carnarvon,AU,2020-04-18 03:17:39,-24.87,113.63,80.6,74,95,10.29,overcast clouds,0.0,0.0
108,Andenes,NO,2020-04-18 03:17:39,69.31,16.12,37.4,93,100,11.41,light rain,0.65,0.0
109,Laguna,US,2020-04-18 03:17:39,38.42,-121.42,57.99,67,20,9.17,few clouds,0.0,0.0
110,Lagoa,PT,2020-04-18 03:17:40,39.05,-27.98,60.37,72,58,11.7,broken clouds,0.0,0.0
111,Grand Gaube,MU,2020-04-18 03:17:40,-20.01,57.66,77.0,83,75,12.75,shower rain,0.0,0.0
112,Narsaq,GL,2020-04-18 03:17:41,60.92,-46.05,28.4,63,69,9.17,broken clouds,0.0,0.0
113,Manbij,SY,2020-04-18 03:17:41,36.53,37.95,48.2,87,0,2.24,clear sky,0.0,0.0
114,Longyearbyen,SJ,2020-04-18 03:14:54,78.22,15.64,28.4,100,75,9.17,broken clouds,0.0,0.0
115,Sept-Iles,CA,2020-04-18 03:17:42,50.2,-66.38,27.0,49,20,3.36,few clouds,0.0,0.0
116,Nemuro,JP,2020-04-18 03:17:42,43.32,145.57,59.0,26,20,11.41,few clouds,0.0,0.0
117,Vestmannaeyjar,IS,2020-04-18 03:17:42,63.44,-20.27,44.1,84,100,31.09,light rain,0.25,0.0
118,Avarua,CK,2020-04-18 03:14:18,-21.21,-159.78,80.6,69,10,4.7,clear sky,0.0,0.0
119,Ribeira Grande,PT,2020-04-18 03:14:32,38.52,-28.7,60.24,80,67,12.75,broken clouds,0.0,0.0
120,Esperance,AU,2020-04-18 03:17:39,-33.87,121.9,77.0,36,90,19.46,overcast clouds,0.0,0.0
121,Bengkulu,ID,2020-04-18 03:12:48,-3.8,102.27,84.81,68,77,4.85,light rain,1.58,0.0
122,Cozumel,MX,2020-04-18 03:17:43,20.51,-86.95,81.0,83,20,4.7,few clouds,0.0,0.0
123,Ancud,CL,2020-04-18 03:17:43,-41.87,-73.82,55.4,100,90,8.05,overcast clouds,0.0,0.0
124,Fukue,JP,2020-04-18 03:17:43,32.69,128.84,60.8,67,20,12.75,few clouds,0.0,0.0
125,Oda,JP,2020-04-18 03:17:44,35.18,132.5,55.4,87,75,8.05,light intensity shower rain,0.0,0.0
126,San Patricio,MX,2020-04-18 03:15:07,19.22,-104.7,75.92,61,100,8.93,overcast clouds,0.0,0.0
127,Airai,TL,2020-04-18 03:17:44,-8.93,125.41,73.24,52,94,4.32,overcast clouds,0.0,0.0
128,Calamar,CO,2020-04-18 03:17:44,10.25,-74.91,79.74,70,8,3.78,clear sky,0.0,0.0
129,Whitehorse,CA,2020-04-18 03:17:04,60.72,-135.05,51.8,40,75,8.05,broken clouds,0.0,0.0
130,Tuktoyaktuk,CA,2020-04-18 03:14:33,69.45,-133.04,14.0,92,90,12.75,light snow,0.0,0.0
131,Cherskiy,RU,2020-04-18 03:17:45,68.75,161.3,10.63,91,49,9.82,scattered clouds,0.0,0.0
132,Bethel,US,2020-04-18 03:16:29,41.37,-73.41,37.0,93,90,5.82,light rain,0.0,0.0
133,Tasiilaq,GL,2020-04-18 03:17:46,65.61,-37.64,35.6,55,73,13.87,snow,0.0,2.06
134,Qaanaaq,GL,2020-04-18 03:17:46,77.48,-69.36,11.48,80,13,8.03,few clouds,0.0,0.0
135,Diego De Almagro,CL,2020-04-18 03:17:46,-26.37,-70.05,58.35,46,0,0.43,clear sky,0.0,0.0
136,Dudinka,RU,2020-04-18 03:17:46,69.41,86.18,30.2,86,100,24.61,overcast clouds,0.0,0.0
137,Torbay,CA,2020-04-18 03:17:47,47.67,-52.73,30.99,63,75,10.29,broken clouds,0.0,0.0
138,Calabozo,VE,2020-04-18 03:17:47,8.92,-67.43,85.48,45,38,7.43,light rain,0.24,0.0
139,Tupik,RU,2020-04-18 03:17:47,54.43,119.93,24.64,86,100,13.13,light snow,0.0,0.74
140,Sao Filipe,CV,2020-04-18 03:15:05,14.9,-24.5,70.12,76,0,18.5,clear sky,0.0,0.0
141,Conde,BR,2020-04-18 03:17:48,-7.26,-34.91,78.8,94,20,1.77,few clouds,0.0,0.0
142,Vung Tau,VN,2020-04-18 03:13:50,10.35,107.08,85.68,68,95,9.57,overcast clouds,0.0,0.0
143,Srandakan,ID,2020-04-18 03:17:48,-7.94,110.25,86.14,64,4,1.63,clear sky,0.0,0.0
144,Esso,RU,2020-04-18 03:17:49,55.93,158.7,34.66,64,0,3.78,clear sky,0.0,0.0
145,Leningradskiy,RU,2020-04-18 03:17:49,69.38,178.42,11.07,94,100,10.42,light snow,0.0,0.12
146,Port Alfred,ZA,2020-04-18 03:17:50,-33.59,26.89,64.0,94,55,3.0,broken clouds,0.0,0.0
147,Petrozavodsk,RU,2020-04-18 03:13:36,61.78,34.35,32.0,92,83,8.95,broken clouds,0.0,0.0
148,Yerbogachen,RU,2020-04-18 03:14:08,61.28,108.01,21.92,84,85,10.89,overcast clouds,0.0,0.0
149,Humaita,BR,2020-04-18 03:17:51,-7.51,-63.02,73.71,95,55,2.15,light rain,0.13,0.0
150,Ylivieska,FI,2020-04-18 03:17:51,64.08,24.55,34.0,80,82,13.0,broken clouds,0.0,0.0
151,Hudiksvall,SE,2020-04-18 03:17:52,61.73,17.1,33.15,87,0,10.63,clear sky,0.0,0.0
152,Iqaluit,CA,2020-04-18 03:17:52,63.75,-68.51,5.0,84,90,2.24,light snow,0.0,0.0
153,Luoyang,CN,2020-04-18 03:17:52,34.68,112.45,55.2,61,100,5.75,light rain,0.33,0.0
154,Lorengau,PG,2020-04-18 03:17:52,-2.02,147.27,84.31,69,59,3.89,broken clouds,0.0,0.0
155,Aklavik,CA,2020-04-18 03:17:53,68.22,-135.01,33.8,80,75,5.82,broken clouds,0.0,0.0
156,Aban,RU,2020-04-18 03:17:53,56.67,96.06,36.79,73,72,6.55,broken clouds,0.0,0.0
157,Olafsvik,IS,2020-04-18 03:17:53,64.89,-23.71,42.3,84,100,28.05,light rain,0.34,0.0
158,Bambous Virieux,MU,2020-04-18 03:17:53,-20.34,57.76,77.0,83,75,12.75,shower rain,0.0,0.0
159,Thompson,CA,2020-04-18 03:15:17,55.74,-97.86,28.4,92,90,16.11,light snow,0.0,0.0
160,Slonim,BY,2020-04-18 03:17:54,53.09,25.32,30.52,93,0,8.08,clear sky,0.0,0.0
161,Ghanzi,BW,2020-04-18 03:17:54,-21.57,21.78,71.89,31,54,2.24,broken clouds,0.0,0.0
162,Francistown,BW,2020-04-18 03:17:54,-21.17,27.51,67.68,59,80,16.28,broken clouds,0.0,0.0
163,Avera,US,2020-04-18 03:17:54,33.19,-82.53,62.6,77,1,4.7,clear sky,0.0,0.0
164,Bonoua,CI,2020-04-18 03:17:54,5.27,-3.6,82.4,88,20,4.7,few clouds,0.0,0.0
165,Takapau,NZ,2020-04-18 03:17:55,-40.03,176.35,64.0,72,20,5.99,light rain,0.18,0.0
166,Sturgeon Falls,CA,2020-04-18 03:17:55,46.36,-79.93,33.01,93,75,5.82,broken clouds,0.0,0.0
167,Fort Nelson,CA,2020-04-18 03:17:55,58.81,-122.7,41.0,56,20,6.93,few clouds,0.0,0.0
168,Hasaki,JP,2020-04-18 03:17:56,35.73,140.83,57.99,100,75,28.86,shower rain,0.0,0.0
169,Umaria,IN,2020-04-18 03:16:03,23.53,80.83,95.61,12,0,2.37,clear sky,0.0,0.0
170,Naberera,TZ,2020-04-18 03:17:56,-4.2,36.93,63.63,66,96,4.27,overcast clouds,0.0,0.0
171,Sawankhalok,TH,2020-04-18 03:17:56,17.32,99.83,93.99,66,20,4.7,few clouds,0.0,0.0
172,Shakiso,ET,2020-04-18 03:17:57,5.75,38.92,57.9,59,99,3.0,overcast clouds,0.0,0.0
173,Vostok,RU,2020-04-18 03:17:57,46.49,135.88,48.42,51,100,2.21,overcast clouds,0.0,0.0
174,Ruteng,ID,2020-04-18 03:17:57,-8.61,120.47,77.81,48,39,3.83,scattered clouds,0.0,0.0
175,Ferrol,ES,2020-04-18 03:14:18,43.48,-8.24,55.99,84,2,1.99,clear sky,0.0,0.0
176,Severo-Kurilsk,RU,2020-04-18 03:14:35,50.68,156.12,32.92,92,8,12.95,clear sky,0.0,0.0
177,Ust-Maya,RU,2020-04-18 03:17:58,60.42,134.53,15.35,82,100,8.66,overcast clouds,0.0,0.0
178,Isangel,VU,2020-04-18 03:16:19,-19.55,169.27,84.2,70,75,3.36,broken clouds,0.0,0.0
179,Dmitrovsk-Orlovskiy,RU,2020-04-18 03:17:58,52.51,35.15,31.51,89,24,10.09,few clouds,0.0,0.0
180,Half Moon Bay,US,2020-04-18 03:17:27,37.46,-122.43,57.0,81,90,9.17,overcast clouds,0.0,0.0
181,Lokosovo,RU,2020-04-18 03:17:59,61.13,74.82,50.41,67,99,14.52,overcast clouds,0.0,0.0
182,Vila Velha,BR,2020-04-18 03:17:59,-20.33,-40.29,75.2,83,75,13.87,broken clouds,0.0,0.0
183,Yaan,NG,2020-04-18 03:17:59,7.38,8.57,79.32,74,81,10.74,broken clouds,0.0,0.0
184,Cidreira,BR,2020-04-18 03:18:00,-30.18,-50.21,64.29,87,4,2.15,light rain,0.14,0.0
185,Kasempa,ZM,2020-04-18 03:18:02,-13.46,25.83,61.52,63,5,5.37,clear sky,0.0,0.0
186,Slave Lake,CA,2020-04-18 03:18:03,55.28,-114.77,35.6,70,90,8.05,light rain,0.0,0.0
187,Poum,NC,2020-04-18 03:18:04,-20.23,164.02,79.02,74,93,8.34,overcast clouds,0.0,0.0
188,Worland,US,2020-04-18 03:18:05,44.02,-107.96,46.0,52,1,12.75,clear sky,0.0,0.0
189,Mahibadhoo,MV,2020-04-18 03:18:05,3.78,72.97,85.3,72,69,9.01,light rain,0.13,0.0
190,Pyapon,MM,2020-04-18 03:18:06,16.28,95.68,89.71,37,0,6.46,clear sky,0.0,0.0
191,Yeppoon,AU,2020-04-18 03:18:06,-23.13,150.73,91.4,41,0,8.05,clear sky,0.0,0.0
192,Perbaungan,ID,2020-04-18 03:18:06,3.57,98.96,87.8,70,40,8.05,scattered clouds,0.0,0.0
193,Khatanga,RU,2020-04-18 03:18:06,71.97,102.5,15.76,92,0,13.6,clear sky,0.0,0.0
194,Konstantinovo,BY,2020-04-18 03:18:07,54.66,29.27,30.36,93,0,12.03,clear sky,0.0,0.0
195,Manoel Urbano,BR,2020-04-18 03:18:07,-8.84,-69.26,68.77,74,7,2.35,clear sky,0.0,0.0
196,Paramonga,PE,2020-04-18 03:18:07,-10.67,-77.83,72.82,75,100,9.37,overcast clouds,0.0,0.0
197,Marica,BR,2020-04-18 03:18:08,-22.92,-42.82,69.8,94,90,8.05,overcast clouds,0.0,0.0
198,Broken Hill,AU,2020-04-18 03:15:24,-31.95,141.43,64.4,42,75,3.36,broken clouds,0.0,0.0
199,Hobyo,SO,2020-04-18 03:15:12,5.35,48.53,83.16,75,30,10.69,light rain,0.28,0.0
200,Nanortalik,GL,2020-04-18 03:15:16,60.14,-45.24,28.58,90,100,14.85,light snow,0.0,0.28
201,Tura,IN,2020-04-18 03:18:10,25.52,90.22,77.02,70,93,5.12,light rain,2.44,0.0
202,Thinadhoo,MV,2020-04-18 03:18:10,0.53,72.93,84.79,75,20,8.84,few clouds,0.0,0.0
203,Adrar,MR,2020-04-18 03:18:10,20.5,-10.07,83.28,22,80,10.76,broken clouds,0.0,0.0
204,Fairbanks,US,2020-04-18 03:18:11,64.84,-147.72,45.0,75,90,2.42,light rain,0.0,0.0
205,Saskylakh,RU,2020-04-18 03:18:11,71.92,114.08,8.71,88,0,4.99,clear sky,0.0,0.0
206,Chegdomyn,RU,2020-04-18 03:18:05,51.12,133.02,57.22,30,29,8.32,scattered clouds,0.0,0.0
207,Kodiak,US,2020-04-18 03:14:24,57.79,-152.41,50.0,76,90,13.87,overcast clouds,0.0,0.0
208,Pavilosta,LV,2020-04-18 03:18:12,56.89,21.19,41.0,80,28,4.7,scattered clouds,0.0,0.0
209,Abay,KZ,2020-04-18 03:18:13,49.63,72.85,53.6,46,10,13.42,clear sky,0.0,0.0
210,Lubango,AO,2020-04-18 03:18:13,-14.92,13.49,59.11,53,90,1.28,light rain,0.77,0.0
211,Tiksi,RU,2020-04-18 03:18:14,71.69,128.87,9.32,93,100,6.04,light snow,0.0,0.45
212,Soller,ES,2020-04-18 03:18:14,39.77,2.72,59.0,87,100,3.36,light rain,0.81,0.0
213,Praxedis Guerrero,MX,2020-04-18 03:18:15,31.37,-106.02,72.0,16,75,4.7,broken clouds,0.0,0.0
214,Huilong,CN,2020-04-18 03:18:15,31.81,121.66,57.83,68,100,8.97,overcast clouds,0.0,0.0
215,Geraldton,AU,2020-04-18 03:18:15,-28.77,114.6,82.4,42,58,4.7,broken clouds,0.0,0.0
216,Sawtell,AU,2020-04-18 03:18:16,-30.38,153.1,77.0,73,100,8.05,overcast clouds,0.0,0.0
217,Kambove,CD,2020-04-18 03:18:16,-10.88,26.6,60.17,65,74,5.03,broken clouds,0.0,0.0
218,Cabo San Lucas,MX,2020-04-18 03:18:17,22.89,-109.91,66.99,72,5,16.11,clear sky,0.0,0.0
219,Muli,MV,2020-04-18 03:18:17,2.92,73.57,85.32,71,14,7.16,light rain,0.22,0.0
220,Farafangana,MG,2020-04-18 03:18:18,-22.82,47.83,74.57,78,39,5.68,light rain,0.32,0.0
221,Yekaterinovka,RU,2020-04-18 03:18:18,52.05,44.35,33.89,82,5,11.65,clear sky,0.0,0.0
222,Hof,DE,2020-04-18 03:18:19,50.32,11.92,46.99,74,30,3.0,scattered clouds,0.0,0.0
223,Senanga,ZM,2020-04-18 03:18:21,-16.12,23.27,69.1,49,64,4.63,broken clouds,0.0,0.0
224,Hami,CN,2020-04-18 03:18:21,42.8,93.45,66.67,19,22,6.11,few clouds,0.0,0.0
225,Caravelas,BR,2020-04-18 03:14:27,-17.71,-39.25,77.63,86,17,14.45,light rain,2.99,0.0
226,Camacha,PT,2020-04-18 03:18:22,33.08,-16.33,60.8,72,20,8.05,few clouds,0.0,0.0
227,Port Said,EG,2020-04-18 03:18:23,31.26,32.28,64.4,88,0,8.05,clear sky,0.0,0.0
228,Moyo,UG,2020-04-18 03:18:24,3.66,31.72,67.46,74,100,4.38,light rain,0.39,0.0
229,Sabang,ID,2020-04-18 03:18:24,5.89,95.32,83.68,69,93,3.49,overcast clouds,0.0,0.0
230,Raudeberg,NO,2020-04-18 03:18:25,61.99,5.14,37.99,74,23,5.82,few clouds,0.0,0.0
231,Glotovka,RU,2020-04-18 03:18:25,53.95,46.7,32.92,87,100,10.25,overcast clouds,0.0,0.0
232,Huarmey,PE,2020-04-18 03:18:25,-10.07,-78.15,73.33,75,75,7.29,broken clouds,0.0,0.0
233,La Argentina,CO,2020-04-18 03:18:26,2.2,-75.98,60.08,59,75,2.3,light rain,0.12,0.0
234,Uvira,CD,2020-04-18 03:18:27,-3.41,29.15,71.78,49,100,0.69,light rain,0.6,0.0
235,Darhan,MN,2020-04-18 03:18:27,49.49,105.92,48.81,38,32,5.99,scattered clouds,0.0,0.0
236,Adeje,ES,2020-04-18 03:18:27,28.12,-16.73,66.99,63,40,1.12,scattered clouds,0.0,0.0
237,Kloulklubed,PW,2020-04-18 03:18:28,7.04,134.26,86.0,74,75,9.17,broken clouds,0.0,0.0
238,La Llanada,CO,2020-04-18 03:18:28,1.49,-77.58,47.66,62,54,1.23,light rain,1.03,0.0
239,Yongan,CN,2020-04-18 03:18:28,39.7,113.69,56.43,22,100,7.07,overcast clouds,0.0,0.0
240,Roma,US,2020-04-18 03:18:28,43.21,-75.46,34.0,86,90,3.36,light rain,0.0,0.0
241,Paso De Los Toros,UY,2020-04-18 03:18:28,-32.82,-56.52,57.63,78,0,6.82,clear sky,0.0,0.0
242,Pacific Grove,US,2020-04-18 03:17:20,36.62,-121.92,57.2,67,90,4.7,overcast clouds,0.0,0.0
243,Port Blair,IN,2020-04-18 03:13:59,11.67,92.75,83.5,71,61,3.38,broken clouds,0.0,0.0
244,Mokshan,RU,2020-04-18 03:18:29,53.44,44.61,37.0,62,93,11.12,light snow,0.0,0.56
245,Tieli,CN,2020-04-18 03:18:29,46.95,128.05,65.44,23,0,3.85,clear sky,0.0,0.0
246,Kushima,JP,2020-04-18 03:18:30,31.46,131.23,71.6,49,40,25.28,scattered clouds,0.0,0.0
247,Talnakh,RU,2020-04-18 03:18:30,69.49,88.4,30.2,86,97,24.61,overcast clouds,0.0,0.0
248,Marystown,CA,2020-04-18 03:15:09,47.17,-55.15,31.06,90,43,12.46,scattered clouds,0.0,0.0
249,Tual,ID,2020-04-18 03:14:55,-5.67,132.75,84.99,73,93,8.48,overcast clouds,0.0,0.0
250,Hare Bay,CA,2020-04-18 03:18:31,48.85,-54.01,28.4,58,75,3.36,broken clouds,0.0,0.0
251,Lazaro Cardenas,MX,2020-04-18 03:18:31,17.96,-102.2,75.42,71,70,1.36,broken clouds,0.0,0.0
252,Lata,PT,2020-04-18 03:18:31,40.16,-8.33,55.0,96,0,2.48,clear sky,0.0,0.0
253,Bosaso,SO,2020-04-18 03:18:32,11.28,49.18,83.52,72,48,5.82,scattered clouds,0.0,0.0
254,Saint-Leu,RE,2020-04-18 03:18:32,-21.15,55.28,73.4,73,0,10.29,clear sky,0.0,0.0
255,San Isidro,PE,2020-04-18 03:18:32,-12.12,-77.05,69.8,83,100,9.17,overcast clouds,0.0,0.0
256,Sesheke,ZM,2020-04-18 03:18:33,-17.48,24.3,64.4,93,3,3.36,clear sky,0.0,0.0
257,Rozhyshche,UA,2020-04-18 03:18:33,50.92,25.27,32.02,85,33,5.39,scattered clouds,0.0,0.0
258,Ossora,RU,2020-04-18 03:18:33,59.24,163.07,28.44,90,0,10.76,clear sky,0.0,0.0
259,Chokurdakh,RU,2020-04-18 03:14:19,70.63,147.92,-3.08,90,50,4.85,scattered clouds,0.0,0.0
260,Tsabong,BW,2020-04-18 03:18:34,-26.02,22.4,66.2,25,5,10.02,clear sky,0.0,0.0
261,Arraial Do Cabo,BR,2020-04-18 03:18:34,-22.97,-42.03,73.8,70,73,10.36,broken clouds,0.0,0.0
262,Olavarria,AR,2020-04-18 03:18:35,-36.89,-60.32,57.99,71,0,1.01,clear sky,0.0,0.0
263,Katima Mulilo,NA,2020-04-18 03:18:35,-17.5,24.27,64.4,93,4,3.36,clear sky,0.0,0.0
264,Montbrison,FR,2020-04-18 03:15:24,45.67,4.08,52.0,75,98,4.7,overcast clouds,0.0,0.0
265,Victoria,HK,2020-04-18 03:14:15,22.29,114.16,80.01,61,100,8.01,overcast clouds,0.0,0.0
266,Demba,CD,2020-04-18 03:18:36,-5.51,22.27,69.1,82,100,1.5,overcast clouds,0.0,0.0
267,Broome,US,2020-04-18 03:18:36,42.25,-75.83,33.01,92,90,6.93,snow,0.0,0.0
268,Baoning,CN,2020-04-18 03:18:37,25.34,110.03,69.8,100,90,2.24,light intensity drizzle,0.0,0.0
269,Asau,RO,2020-04-18 03:14:53,46.43,26.4,50.0,53,99,11.41,light rain,0.83,0.0
270,Oranjemund,NA,2020-04-18 03:18:37,-28.55,16.43,55.27,93,19,0.98,few clouds,0.0,0.0
271,Pochutla,MX,2020-04-18 03:18:38,15.74,-96.47,82.99,78,22,3.74,few clouds,0.0,0.0
272,Coihaique,CL,2020-04-18 03:18:11,-45.58,-72.07,50.0,81,20,9.17,light rain,0.0,0.0
273,Quatre Cocos,MU,2020-04-18 03:18:38,-20.21,57.76,77.0,83,75,12.75,shower rain,0.0,0.0
274,Nagato,JP,2020-04-18 03:18:38,34.38,131.2,64.99,51,75,21.92,broken clouds,0.0,0.0
275,Abu Samrah,SY,2020-04-18 03:18:39,35.3,37.18,59.2,53,1,2.59,clear sky,0.0,0.0
276,Klaksvik,FO,2020-04-18 03:16:14,62.23,-6.59,41.0,86,0,10.29,clear sky,0.0,0.0
277,Chapais,CA,2020-04-18 03:18:40,49.78,-74.85,15.8,92,20,3.36,few clouds,0.0,0.0
278,Drumheller,CA,2020-04-18 03:15:22,51.46,-112.71,37.0,42,100,7.74,light rain,0.15,0.0
279,Santa Cruz Cabralia,BR,2020-04-18 03:18:41,-16.28,-39.02,73.4,94,75,3.36,light rain,0.0,0.0
280,Haines Junction,CA,2020-04-18 03:16:23,60.75,-137.51,41.31,60,97,1.34,overcast clouds,0.0,0.0
281,Barka Kana,IN,2020-04-18 03:18:41,23.62,85.48,80.6,57,40,3.06,haze,0.0,0.0
282,Isla Vista,US,2020-04-18 03:18:41,34.41,-119.86,60.8,72,75,4.7,broken clouds,0.0,0.0
283,Corinto,GR,2020-04-18 03:18:42,37.94,22.96,50.0,81,1,4.72,clear sky,0.0,0.0
284,Mount Isa,AU,2020-04-18 03:17:56,-20.73,139.5,93.2,18,9,6.93,clear sky,0.0,0.0
285,Altamont,US,2020-04-18 03:18:42,42.21,-121.74,54.0,25,1,3.36,clear sky,0.0,0.0
286,Tradate,IT,2020-04-18 03:18:43,45.71,8.91,50.0,81,93,4.7,overcast clouds,0.0,0.0
287,Port-Cartier,CA,2020-04-18 03:18:43,50.03,-66.87,27.0,49,20,3.36,few clouds,0.0,0.0
288,Shestakovo,RU,2020-04-18 03:18:43,56.49,103.96,33.73,71,82,10.02,broken clouds,0.0,0.0
289,Wanaka,NZ,2020-04-18 03:18:43,-44.7,169.15,53.73,42,19,9.98,few clouds,0.0,0.0
290,Sur,OM,2020-04-18 03:18:44,22.57,59.53,79.23,75,0,6.15,clear sky,0.0,0.0
291,Harper,LR,2020-04-18 03:18:44,4.38,-7.72,81.27,87,97,10.6,overcast clouds,0.0,0.0
292,Kamenka,RU,2020-04-18 03:18:45,51.32,42.77,33.01,84,1,8.84,clear sky,0.0,0.0
293,Nabire,ID,2020-04-18 03:18:45,-3.37,135.48,89.26,59,66,5.84,light rain,0.33,0.0
294,Norman Wells,CA,2020-04-18 03:14:59,65.28,-126.83,39.2,60,90,2.24,overcast clouds,0.0,0.0
295,Mbaiki,CF,2020-04-18 03:18:46,3.87,17.99,72.34,82,100,4.99,overcast clouds,0.0,0.0
296,Bethanien,NA,2020-04-18 03:18:47,-26.5,17.16,55.71,30,0,0.65,clear sky,0.0,0.0
297,Tautira,PF,2020-04-18 03:18:47,-17.73,-149.15,86.0,70,95,5.82,overcast clouds,0.0,0.0
298,Nurota,UZ,2020-04-18 03:18:47,40.56,65.69,55.4,82,6,4.7,clear sky,0.0,0.0
299,Saint-Pierre,RE,2020-04-18 03:18:47,-21.34,55.48,73.4,73,0,10.29,light rain,0.25,0.0
300,Taoudenni,ML,2020-04-18 03:18:48,22.68,-3.98,86.99,23,37,3.58,scattered clouds,0.0,0.0
301,Inyonga,TZ,2020-04-18 03:18:48,-6.72,32.07,63.25,69,96,3.6,light rain,0.13,0.0
302,Benghazi,LY,2020-04-18 03:16:35,32.12,20.07,59.11,75,0,10.83,clear sky,0.0,0.0
303,Muros,ES,2020-04-18 03:18:49,42.78,-9.06,54.0,93,33,1.01,light rain,0.39,0.0
304,Cerritos,US,2020-04-18 03:18:49,33.86,-118.06,61.0,67,20,6.93,few clouds,0.0,0.0
305,Lat Yao,TH,2020-04-18 03:18:49,15.75,99.79,89.58,46,84,2.28,broken clouds,0.0,0.0
306,Semey,KZ,2020-04-18 03:18:50,50.41,80.23,50.0,53,0,6.71,clear sky,0.0,0.0
307,Cloquet,US,2020-04-18 03:18:50,46.72,-92.46,37.4,34,1,4.7,clear sky,0.0,0.0
308,Gunnedah,AU,2020-04-18 03:18:50,-30.98,150.25,68.0,40,76,3.36,broken clouds,0.0,0.0
309,Naze,JP,2020-04-18 03:14:25,28.37,129.48,71.6,78,75,8.05,broken clouds,0.0,0.0
310,Punta De Piedra,VE,2020-04-18 03:18:51,7.62,-71.49,78.06,54,41,3.0,scattered clouds,0.0,0.0
311,Suntar,RU,2020-04-18 03:18:51,62.14,117.63,17.92,85,100,6.8,overcast clouds,0.0,0.0
312,Trat,TH,2020-04-18 03:18:51,12.5,102.5,82.4,88,20,3.36,few clouds,0.0,0.0
313,Ishigaki,JP,2020-04-18 03:18:51,24.34,124.16,78.8,88,75,10.29,broken clouds,0.0,0.0
314,Araguaina,BR,2020-04-18 03:18:52,-7.19,-48.21,73.53,89,97,3.69,light rain,0.54,0.0
315,Vallenar,CL,2020-04-18 03:18:52,-28.57,-70.76,63.32,53,0,1.61,clear sky,0.0,0.0
316,Katsuura,JP,2020-04-18 03:15:30,35.13,140.3,62.6,93,75,18.34,light intensity shower rain,0.0,0.0
317,Clyde River,CA,2020-04-18 03:18:52,70.47,-68.59,8.6,84,90,17.22,light snow,0.0,0.0
318,Puerto Narino,CO,2020-04-18 03:18:53,-3.77,-70.38,75.2,100,40,2.98,scattered clouds,0.0,0.0
319,Gunjur,GM,2020-04-18 03:18:53,13.2,-16.73,71.6,83,17,11.41,light rain,0.14,0.0
320,Kununurra,AU,2020-04-18 03:18:53,-15.77,128.73,96.8,37,30,5.82,scattered clouds,0.0,0.0
321,Pinhao,BR,2020-04-18 03:18:54,-25.7,-51.66,48.4,60,20,3.42,few clouds,0.0,0.0
322,Les Escoumins,CA,2020-04-18 03:18:54,48.11,-69.02,20.62,92,0,4.9,clear sky,0.0,0.0
323,Pangnirtung,CA,2020-04-18 03:16:31,66.15,-65.71,1.42,88,100,3.02,light snow,0.0,0.11
324,Shimoda,JP,2020-04-18 03:18:54,34.67,138.95,62.6,88,75,35.57,light intensity shower rain,0.0,0.0
325,Ponta Do Sol,PT,2020-04-18 03:18:55,32.67,-17.1,55.99,66,12,6.64,few clouds,0.0,0.0
326,Asfi,MA,2020-04-18 03:18:55,32.3,-9.24,61.81,78,77,7.07,broken clouds,0.0,0.0
327,Kudahuvadhoo,MV,2020-04-18 03:14:49,2.67,72.89,85.35,71,67,6.82,broken clouds,0.0,0.0
328,Portland,US,2020-04-18 03:14:04,45.52,-122.68,70.0,30,95,2.17,overcast clouds,0.0,0.0
329,Yako,BF,2020-04-18 03:18:55,12.97,-2.27,82.56,13,28,6.93,scattered clouds,0.0,0.0
330,Petrovsk-Zabaykalskiy,RU,2020-04-18 03:18:56,51.27,108.84,45.7,39,29,13.44,scattered clouds,0.0,0.0
331,Arman,RU,2020-04-18 03:18:56,59.7,150.17,21.06,95,100,14.14,light snow,0.0,1.08
332,Yulara,AU,2020-04-18 03:18:56,-25.24,130.99,80.6,32,8,9.17,clear sky,0.0,0.0
333,Ibra,OM,2020-04-18 03:18:56,22.69,58.53,77.94,47,0,2.3,clear sky,0.0,0.0
334,Miri,MY,2020-04-18 03:18:56,4.41,114.01,87.8,84,75,3.36,broken clouds,0.0,0.0
335,Ust-Koksa,RU,2020-04-18 03:18:57,50.27,85.61,45.19,42,0,1.21,clear sky,0.0,0.0
336,Surt,LY,2020-04-18 03:18:57,31.21,16.59,59.22,76,0,5.41,clear sky,0.0,0.0
337,Lobatse,BW,2020-04-18 03:18:57,-25.22,25.67,62.6,82,75,17.22,broken clouds,0.0,0.0
338,Rogers,US,2020-04-18 03:18:57,36.37,-95.58,39.0,76,1,7.74,clear sky,0.0,0.0
339,Mandalgovi,MN,2020-04-18 03:18:57,45.76,106.27,44.24,45,100,17.05,light rain,0.27,0.0
340,Hofn,IS,2020-04-18 03:18:58,64.25,-15.21,42.24,83,100,10.0,overcast clouds,0.0,0.0
341,Bama,NG,2020-04-18 03:18:58,11.52,13.69,68.97,17,0,1.72,clear sky,0.0,0.0
342,Borogontsy,RU,2020-04-18 03:18:58,62.67,131.17,15.12,81,78,7.14,broken clouds,0.0,0.0
343,Maltahohe,NA,2020-04-18 03:18:59,-24.83,16.98,61.29,17,0,5.19,clear sky,0.0,0.0
344,Anadyr,RU,2020-04-18 03:18:59,64.75,177.48,19.0,78,75,4.47,broken clouds,0.0,0.0
345,Valdivia,CL,2020-04-18 03:15:36,-39.81,-73.25,60.8,100,90,5.82,moderate rain,0.0,0.0
346,Srednekolymsk,RU,2020-04-18 03:18:59,67.45,153.68,5.32,92,100,13.04,light snow,0.0,0.13
347,Ashdod,IL,2020-04-18 03:18:59,31.82,34.65,61.0,87,0,2.24,clear sky,0.0,0.0
348,Port Lincoln,AU,2020-04-18 03:16:28,-34.73,135.87,65.41,60,39,12.44,light rain,0.35,0.0
349,Maldonado,UY,2020-04-18 03:17:26,-34.67,-54.92,59.0,100,0,4.7,clear sky,0.0,0.0
350,Yantzaza,EC,2020-04-18 03:19:00,-3.83,-78.76,68.49,59,100,1.7,light rain,1.22,0.0
351,Ouallam,NE,2020-04-18 03:19:00,14.32,2.09,82.6,13,53,7.85,broken clouds,0.0,0.0
352,Nakhon Si Thammarat,TH,2020-04-18 03:15:43,8.43,99.97,89.6,75,20,4.7,few clouds,0.0,0.0
353,Necochea,AR,2020-04-18 03:19:01,-38.55,-58.74,60.01,86,2,8.01,clear sky,0.0,0.0
354,Naryan-Mar,RU,2020-04-18 03:19:01,67.67,53.09,31.77,98,99,8.43,overcast clouds,0.0,0.0
355,Mariental,NA,2020-04-18 03:19:01,-24.63,17.97,64.33,17,0,2.28,clear sky,0.0,0.0
356,Mapastepec,MX,2020-04-18 03:19:02,15.43,-92.9,81.19,72,18,0.56,few clouds,0.0,0.0
357,Lakatoro,VU,2020-04-18 03:19:02,-16.1,167.42,86.0,66,75,5.82,broken clouds,0.0,0.0
358,Santo Domingo,DO,2020-04-18 03:16:58,18.5,-69.99,78.01,100,62,5.82,light rain,1.04,0.0
359,Chitral,PK,2020-04-18 03:19:02,35.85,71.79,52.3,28,100,3.98,overcast clouds,0.0,0.0
360,Saldanha,ZA,2020-04-18 03:14:31,-33.01,17.94,53.6,81,8,5.82,clear sky,0.0,0.0
361,Sungaipenuh,ID,2020-04-18 03:19:03,-2.08,101.38,77.38,57,38,0.63,light rain,1.4,0.0
362,Gola Bazar,IN,2020-04-18 03:19:03,26.34,83.36,88.72,37,0,7.78,clear sky,0.0,0.0
363,Kanniyakumari,IN,2020-04-18 03:19:03,8.08,77.57,85.6,66,90,1.41,overcast clouds,0.0,0.0
364,Bhan,PK,2020-04-18 03:19:04,26.56,67.72,85.69,34,63,6.42,broken clouds,0.0,0.0
365,Deputatskiy,RU,2020-04-18 03:16:00,69.3,139.9,-2.02,82,9,3.06,clear sky,0.0,0.0
366,Kavaratti,IN,2020-04-18 03:19:04,10.57,72.64,84.72,68,96,3.78,overcast clouds,0.0,0.0
367,Mayumba,GA,2020-04-18 03:19:04,-3.43,10.66,79.7,84,96,5.32,overcast clouds,0.0,0.0
368,Columbus,US,2020-04-18 03:17:53,39.96,-83.0,43.0,87,90,12.75,light rain,0.0,0.0
369,Artigas,UY,2020-04-18 03:19:05,-30.4,-56.47,58.59,72,0,7.67,clear sky,0.0,0.0
370,Pontes E Lacerda,BR,2020-04-18 03:15:48,-15.23,-59.34,62.42,71,28,2.51,scattered clouds,0.0,0.0
371,Lavrentiya,RU,2020-04-18 03:19:05,65.58,-171.0,23.23,97,100,13.22,light snow,0.0,0.79
372,Aksha,RU,2020-04-18 03:19:05,50.28,113.29,56.17,31,94,16.22,overcast clouds,0.0,0.0
373,Mitsamiouli,KM,2020-04-18 03:19:05,-11.38,43.28,83.82,70,0,11.34,light rain,0.14,0.0
374,Sierra Vista,US,2020-04-18 03:15:03,31.55,-110.3,64.99,20,1,8.05,clear sky,0.0,0.0
375,Kashi,CN,2020-04-18 03:19:06,39.45,75.98,51.8,71,40,7.58,scattered clouds,0.0,0.0
376,Mount Gambier,AU,2020-04-18 03:19:06,-37.83,140.77,60.8,63,75,4.7,broken clouds,0.0,0.0
377,Ardakan,IR,2020-04-18 03:19:06,32.31,54.02,51.8,93,0,2.24,mist,0.0,0.0
378,Castro,BR,2020-04-18 03:15:49,-24.79,-50.01,51.35,67,69,3.85,broken clouds,0.0,0.0
379,Ust-Shonosha,RU,2020-04-18 03:19:07,61.15,41.34,27.39,97,97,5.64,overcast clouds,0.0,0.0
380,Macau,MO,2020-04-18 03:18:20,22.2,113.55,78.8,94,40,6.93,scattered clouds,0.0,0.0
381,Inhambane,MZ,2020-04-18 03:19:07,-23.86,35.38,75.0,83,74,7.85,broken clouds,0.0,0.0
382,Prainha,BR,2020-04-18 03:19:08,-1.8,-53.48,72.95,98,100,0.98,light rain,2.88,0.0
383,Onega,RU,2020-04-18 03:19:08,63.91,38.14,31.19,98,100,15.46,light snow,0.0,0.88
384,Bonavista,CA,2020-04-18 03:19:08,48.65,-53.11,28.0,77,73,7.0,light snow,0.0,0.15
385,Wanning,CN,2020-04-18 03:18:14,18.8,110.4,80.08,81,98,8.3,overcast clouds,0.0,0.0
386,Weligama,LK,2020-04-18 03:15:36,5.97,80.42,83.89,76,92,7.54,overcast clouds,0.0,0.0
387,Middle Island,US,2020-04-18 03:19:09,40.88,-72.94,44.6,75,90,9.62,light rain,0.0,0.0
388,Abu Dhabi,AE,2020-04-18 03:18:26,24.47,54.37,73.99,88,31,3.36,scattered clouds,0.0,0.0
389,Gorontalo,ID,2020-04-18 03:19:09,0.54,123.06,90.16,55,98,3.42,overcast clouds,0.0,0.0
390,Labuhan,ID,2020-04-18 03:19:10,-6.88,112.21,87.76,67,45,3.74,light rain,0.76,0.0
391,Moron,AR,2020-04-18 03:19:10,-34.65,-58.62,63.0,92,0,6.17,clear sky,0.0,0.0
392,Capoterra,IT,2020-04-18 03:19:10,39.18,8.97,60.01,87,75,5.82,broken clouds,0.0,0.0
393,Karasjok,NO,2020-04-18 03:19:11,69.47,25.51,35.6,80,41,46.08,light rain,0.0,0.0
394,Mandurah,AU,2020-04-18 03:19:11,-32.55,115.7,71.01,52,86,4.7,light rain,0.22,0.0
395,Havoysund,NO,2020-04-18 03:19:11,71.0,24.66,35.6,69,75,34.45,broken clouds,0.0,0.0
396,Krutikha,RU,2020-04-18 03:19:12,53.96,81.21,48.11,72,0,5.12,clear sky,0.0,0.0
397,Praia Da Vitoria,PT,2020-04-18 03:19:12,38.73,-27.07,57.2,87,20,10.85,few clouds,0.0,0.0
398,Maceio,BR,2020-04-18 03:19:12,-9.67,-35.74,75.2,100,40,4.7,scattered clouds,0.0,0.0
399,Caconda,AO,2020-04-18 03:19:12,-13.73,15.07,57.2,60,8,1.95,light rain,1.09,0.0
400,Tromso,NO,2020-04-18 03:19:12,69.65,18.96,32.0,96,75,14.99,broken clouds,0.0,0.0
401,Strezhevoy,RU,2020-04-18 03:19:13,60.73,77.59,44.6,65,100,13.42,overcast clouds,0.0,0.0
402,Yar-Sale,RU,2020-04-18 03:19:13,66.83,70.83,34.92,98,100,10.69,overcast clouds,0.0,0.0
403,Gat,IL,2020-04-18 03:17:00,31.61,34.76,61.0,77,0,1.99,clear sky,0.0,0.0
404,Ellensburg,US,2020-04-18 03:19:13,47.0,-120.55,62.6,27,1,10.29,clear sky,0.0,0.0
405,Kaliua,TZ,2020-04-18 03:19:14,-5.06,31.79,64.92,69,96,5.21,overcast clouds,0.0,0.0
406,Kuzhener,RU,2020-04-18 03:19:14,56.81,48.91,32.88,87,100,10.76,overcast clouds,0.0,0.0
407,Ulladulla,AU,2020-04-18 03:18:46,-35.35,150.47,71.6,28,2,3.36,clear sky,0.0,0.0
408,Upata,VE,2020-04-18 03:19:14,8.01,-62.4,74.8,68,88,6.46,overcast clouds,0.0,0.0
409,Severomuysk,RU,2020-04-18 03:19:14,56.15,113.43,21.85,69,100,8.05,light snow,0.0,0.94
410,Gushikawa,JP,2020-04-18 03:19:15,26.35,127.87,80.6,65,20,16.11,few clouds,0.0,0.0
411,Aketi,CD,2020-04-18 03:19:15,2.74,23.78,70.12,85,100,1.92,light rain,1.84,0.0
412,Zarubino,RU,2020-04-18 03:19:15,42.63,131.09,45.54,60,57,2.48,broken clouds,0.0,0.0
413,Arcata,US,2020-04-18 03:19:15,40.87,-124.08,54.0,81,90,4.7,overcast clouds,0.0,0.0
414,Lagunas,PE,2020-04-18 03:19:15,-5.23,-75.68,70.47,79,68,2.48,broken clouds,0.0,0.0
415,Lar,IN,2020-04-18 03:19:16,26.2,83.97,88.25,40,8,7.63,clear sky,0.0,0.0
416,Fougamou,GA,2020-04-18 03:19:16,-1.22,10.58,73.44,93,100,2.19,overcast clouds,0.0,0.0
417,Cabra,ES,2020-04-18 03:19:16,37.47,-4.44,57.2,93,20,4.7,few clouds,0.0,0.0
418,Karatau,KZ,2020-04-18 03:19:16,43.17,70.47,60.51,32,0,1.88,clear sky,0.0,0.0
419,Dunhua,CN,2020-04-18 03:19:17,43.37,128.24,53.82,46,80,1.92,broken clouds,0.0,0.0
420,Cravo Norte,CO,2020-04-18 03:19:17,6.3,-70.2,85.89,44,58,0.81,broken clouds,0.0,0.0
421,Rassvet,RU,2020-04-18 03:19:17,46.83,40.75,45.57,81,100,7.87,overcast clouds,0.0,0.0
422,Apucarana,BR,2020-04-18 03:19:17,-23.55,-51.46,55.38,61,13,3.96,few clouds,0.0,0.0
423,Wagar,SD,2020-04-18 03:19:18,16.15,36.2,69.08,34,2,6.69,clear sky,0.0,0.0
424,Terme,TR,2020-04-18 03:19:18,41.21,36.97,39.2,93,100,2.24,overcast clouds,0.0,0.0
425,Hamilton,US,2020-04-18 03:19:18,39.18,-84.53,45.0,87,90,17.22,light rain,0.0,0.0
426,Talara,PE,2020-04-18 03:19:18,-4.58,-81.27,74.86,75,63,8.5,broken clouds,0.0,0.0
427,Henties Bay,NA,2020-04-18 03:19:19,-22.12,14.28,57.0,94,1,9.66,clear sky,0.0,0.0
428,Vegreville,CA,2020-04-18 03:15:22,53.5,-112.05,35.58,74,100,11.74,overcast clouds,0.0,0.0
429,Naustdal,NO,2020-04-18 03:19:19,61.51,5.72,35.6,74,17,5.82,few clouds,0.0,0.0
430,Benguela,AO,2020-04-18 03:19:19,-12.58,13.41,77.81,85,78,1.45,broken clouds,0.0,0.0
431,Alice Springs,AU,2020-04-18 03:19:20,-23.7,133.88,78.8,29,40,10.29,scattered clouds,0.0,0.0
432,Samfya,ZM,2020-04-18 03:19:20,-11.36,29.56,63.14,65,100,6.04,overcast clouds,0.0,0.0
433,Verkhnyaya Inta,RU,2020-04-18 03:19:20,65.98,60.31,34.7,82,83,8.59,broken clouds,0.0,0.0
434,Gallup,US,2020-04-18 03:19:20,35.53,-108.74,52.0,24,1,3.36,clear sky,0.0,0.0
435,Muravlenko,RU,2020-04-18 03:19:20,63.79,74.52,39.52,94,95,16.49,overcast clouds,0.0,0.0
436,Nome,US,2020-04-18 03:19:21,64.5,-165.41,35.6,100,90,10.29,light rain,0.0,0.0
437,Neuquen,AR,2020-04-18 03:18:33,-38.95,-68.06,64.4,68,47,1.03,scattered clouds,0.0,0.0
438,Carutapera,BR,2020-04-18 03:16:35,-1.2,-46.02,76.77,90,100,6.82,light rain,0.33,0.0
439,Tilichiki,RU,2020-04-18 03:15:18,60.47,166.1,16.02,91,35,16.84,scattered clouds,0.0,0.0
440,Sal Rei,CV,2020-04-18 03:19:22,16.18,-22.92,69.8,68,20,10.29,few clouds,0.0,0.0
441,Buala,SB,2020-04-18 03:19:22,-8.14,159.59,82.74,76,94,5.41,light rain,2.8,0.0
442,Moose Factory,CA,2020-04-18 03:19:22,51.26,-80.61,23.0,57,1,5.82,clear sky,0.0,0.0
443,Valparaiso,CL,2020-04-18 03:19:23,-33.04,-71.63,53.6,93,90,3.36,fog,0.0,0.0
444,Nchelenge,ZM,2020-04-18 03:19:23,-9.35,28.73,69.04,65,95,7.09,light rain,0.31,0.0
445,Abha,SA,2020-04-18 03:19:23,18.22,42.51,59.0,93,0,4.7,clear sky,0.0,0.0
446,Bukama,CD,2020-04-18 03:19:23,-9.2,25.85,70.52,78,100,1.74,light rain,1.66,0.0
447,Piedras Negras,MX,2020-04-18 03:15:45,28.7,-100.52,68.07,74,1,9.1,clear sky,0.0,0.0
448,Sao Paulo De Olivenca,BR,2020-04-18 03:19:24,-3.38,-68.87,74.32,95,100,2.59,light rain,1.56,0.0
449,Sinnamary,GF,2020-04-18 03:19:24,5.38,-52.95,79.27,84,94,12.19,light rain,1.8,0.0
450,Tigil,RU,2020-04-18 03:15:55,57.8,158.67,27.54,95,98,2.26,overcast clouds,0.0,0.0
451,Altea,ES,2020-04-18 03:19:24,38.6,-0.05,60.01,87,97,1.01,overcast clouds,0.0,0.0
452,Petropavlovsk-Kamchatskiy,RU,2020-04-18 03:19:25,53.05,158.65,50.0,34,0,6.71,clear sky,0.0,0.0
453,Soyo,AO,2020-04-18 03:19:25,-6.13,12.37,78.42,87,98,0.85,moderate rain,4.46,0.0
454,Brumado,BR,2020-04-18 03:19:25,-14.2,-41.67,71.96,78,44,3.53,light rain,0.76,0.0
455,Goderich,CA,2020-04-18 03:19:25,43.75,-81.72,32.0,86,80,3.98,broken clouds,0.0,0.0
456,Winnipeg,CA,2020-04-18 03:14:57,49.88,-97.15,42.8,52,90,16.11,overcast clouds,0.0,0.0
457,Vila Franca Do Campo,PT,2020-04-18 03:18:31,37.72,-25.43,55.4,87,20,4.7,few clouds,0.0,0.0
458,Janakpur,NP,2020-04-18 03:19:26,26.72,85.91,87.03,40,0,9.84,clear sky,0.0,0.0
459,Bobo Dioulasso,BF,2020-04-18 03:19:26,11.18,-4.3,87.8,70,71,11.41,dust,0.0,0.0
460,Rio Grande,BR,2020-04-18 03:15:58,-32.03,-52.1,52.0,97,0,8.34,clear sky,0.0,0.0
461,Sola,VU,2020-04-18 03:19:27,-13.88,167.55,82.06,75,89,9.42,light rain,0.84,0.0
462,Truro,GB,2020-04-18 03:19:27,50.27,-5.05,52.0,93,63,16.11,broken clouds,0.0,0.0
463,Russell,US,2020-04-18 03:19:27,32.35,-85.2,66.2,87,1,3.74,clear sky,0.0,0.0
464,Meulaboh,ID,2020-04-18 03:19:28,4.14,96.13,83.88,71,97,3.13,overcast clouds,0.0,0.0
465,Port Moresby,PG,2020-04-18 03:19:28,-9.44,147.18,89.6,59,20,14.99,few clouds,0.0,0.0
466,Camana,PE,2020-04-18 03:19:28,-16.62,-72.71,71.33,75,95,7.2,overcast clouds,0.0,0.0
467,Chicama,PE,2020-04-18 03:19:28,-7.84,-79.15,74.14,70,18,6.2,few clouds,0.0,0.0
468,Oksfjord,NO,2020-04-18 03:19:28,70.24,22.35,35.01,74,93,21.99,light snow,0.0,0.23
469,Pemberton,CA,2020-04-18 03:19:29,50.32,-122.8,48.74,63,100,0.11,light rain,0.33,0.0
470,Karratha,AU,2020-04-18 03:15:23,-20.74,116.85,92.41,35,74,4.29,broken clouds,0.0,0.0
471,Razdolinsk,RU,2020-04-18 03:19:29,58.42,94.67,40.77,61,9,4.9,clear sky,0.0,0.0
472,Chernyshevskiy,RU,2020-04-18 03:19:29,63.01,112.47,13.98,84,0,8.97,clear sky,0.0,0.0
473,Tazovskiy,RU,2020-04-18 03:19:30,67.47,78.7,35.6,99,100,17.63,overcast clouds,0.0,0.0
474,Namatanai,PG,2020-04-18 03:15:26,-3.67,152.43,83.17,73,98,7.63,overcast clouds,0.0,0.0
475,Cochrane,CA,2020-04-18 03:16:54,51.18,-114.47,37.4,93,90,4.23,moderate rain,0.0,0.0
476,Sibolga,ID,2020-04-18 03:19:30,1.74,98.78,87.64,57,99,2.86,overcast clouds,0.0,0.0
477,Salalah,OM,2020-04-18 03:19:31,17.02,54.09,78.8,74,20,3.36,few clouds,0.0,0.0
478,Pinillos,CO,2020-04-18 03:19:31,8.92,-74.47,78.51,83,10,2.84,light rain,0.24,0.0
479,Luganville,VU,2020-04-18 03:19:31,-15.53,167.17,86.0,66,75,5.82,broken clouds,0.0,0.0
480,Meadow Lake,US,2020-04-18 03:15:22,34.8,-106.54,55.4,26,75,8.05,broken clouds,0.0,0.0
481,Qrendi,MT,2020-04-18 03:19:32,35.83,14.46,57.99,100,20,3.36,few clouds,0.0,0.0
482,Grinties,RO,2020-04-18 03:19:32,47.05,25.87,48.0,67,99,1.95,light rain,1.3,0.0
483,Manacapuru,BR,2020-04-18 03:19:32,-3.3,-60.62,77.0,88,75,5.82,broken clouds,0.0,0.0
484,Port Hedland,AU,2020-04-18 03:19:33,-20.32,118.57,98.6,35,100,5.82,overcast clouds,0.0,0.0
485,Axim,GH,2020-04-18 03:15:00,4.87,-2.24,80.69,86,100,9.06,light rain,0.91,0.0
486,Vyazemskiy,RU,2020-04-18 03:19:33,47.54,134.75,60.82,32,78,5.93,broken clouds,0.0,0.0
487,Levokumka,RU,2020-04-18 03:19:33,44.23,43.15,33.8,86,100,6.71,overcast clouds,0.0,0.0
488,Nokaneng,BW,2020-04-18 03:19:34,-19.67,22.27,70.74,38,8,3.6,clear sky,0.0,0.0
489,Allada,BJ,2020-04-18 03:19:34,6.67,2.15,84.2,83,40,11.41,scattered clouds,0.0,0.0
490,Veraval,IN,2020-04-18 03:19:34,20.9,70.37,85.55,44,0,9.53,clear sky,0.0,0.0
491,Lompoc,US,2020-04-18 03:19:34,34.64,-120.46,55.4,82,90,6.93,overcast clouds,0.0,0.0
492,Hay River,CA,2020-04-18 03:19:35,60.82,-115.8,32.0,96,90,6.93,overcast clouds,0.0,0.0
493,Dongsheng,CN,2020-04-18 03:19:35,39.82,109.98,52.63,24,100,15.14,overcast clouds,0.0,0.0
494,Dobson,US,2020-04-18 03:19:35,36.4,-80.72,60.8,48,1,8.05,clear sky,0.0,0.0
495,Kamaishi,JP,2020-04-18 03:19:36,39.27,141.88,48.2,93,75,2.24,light rain,0.0,0.0
496,Ryotsu,JP,2020-04-18 03:19:36,38.08,138.43,53.6,100,75,6.93,light rain,0.0,0.0
497,Naples,IT,2020-04-18 03:19:36,40.83,14.25,57.2,82,30,2.24,scattered clouds,0.0,0.0
498,Kralendijk,BQ,2020-04-18 03:19:36,12.15,-68.27,80.6,74,7,17.22,clear sky,0.0,0.0
499,Rundu,NA,2020-04-18 03:19:36,-17.93,19.77,68.0,77,12,2.24,few clouds,0.0,0.0
500,Kaeo,NZ,2020-04-18 03:19:37,-35.1,173.78,69.01,87,38,4.0,light rain,0.2,0.0
501,Cockburn Town,TC,2020-04-18 03:19:37,21.46,-71.14,78.96,80,5,17.63,clear sky,0.0,0.0
502,Izumo,JP,2020-04-18 03:19:37,35.37,132.77,59.0,77,75,18.34,light intensity shower rain,0.0,0.0
503,Concepcion Del Oro,MX,2020-04-18 03:19:38,24.63,-101.42,68.05,19,100,2.82,light rain,0.44,0.0
504,Pokhara,NP,2020-04-18 03:19:38,28.23,83.98,74.68,30,2,2.37,clear sky,0.0,0.0
505,Tanout,NE,2020-04-18 03:19:38,14.97,8.89,75.6,13,0,7.18,clear sky,0.0,0.0
506,Say,NE,2020-04-18 03:18:32,13.1,2.37,86.0,12,69,2.24,broken clouds,0.0,0.0
507,Pijijiapan,MX,2020-04-18 03:19:39,15.7,-93.23,82.24,71,15,2.26,few clouds,0.0,0.0
508,Saint-Francois,FR,2020-04-18 03:19:39,46.42,3.91,55.4,76,90,2.24,overcast clouds,0.0,0.0
509,Loandjili,CG,2020-04-18 03:19:39,-4.76,11.86,77.4,89,98,3.02,light rain,1.68,0.0
510,Aguimes,ES,2020-04-18 03:19:39,27.91,-15.45,66.2,72,40,2.24,scattered clouds,0.0,0.0
511,Bathsheba,BB,2020-04-18 03:19:39,13.22,-59.52,78.8,74,40,16.11,scattered clouds,0.0,0.0
512,Porto Novo,BJ,2020-04-18 03:19:40,6.5,2.6,84.2,83,40,11.41,scattered clouds,0.0,0.0
513,Tamandare,BR,2020-04-18 03:19:40,-8.76,-35.1,80.37,79,64,3.31,light rain,1.35,0.0
514,Namwala,ZM,2020-04-18 03:19:40,-15.75,26.44,65.52,61,42,5.23,scattered clouds,0.0,0.0
515,North Providence,US,2020-04-18 03:15:48,41.85,-71.47,44.6,65,90,8.05,light rain,0.0,0.0
516,Komsomolskiy,UZ,2020-04-18 03:19:41,40.43,71.72,60.8,58,30,2.24,scattered clouds,0.0,0.0
517,Vagur,FO,2020-04-18 03:19:41,61.47,-6.81,44.56,82,0,13.04,clear sky,0.0,0.0
518,Divnomorskoye,RU,2020-04-18 03:19:42,44.5,38.14,46.81,80,94,2.24,overcast clouds,0.0,0.0
519,Viedma,AR,2020-04-18 03:19:42,-40.81,-63.0,73.76,39,51,19.8,broken clouds,0.0,0.0
520,Moratuwa,LK,2020-04-18 03:19:43,6.77,79.88,82.4,83,20,3.36,few clouds,0.0,0.0
521,Zhuhai,CN,2020-04-18 03:19:43,22.28,113.57,78.8,94,40,6.93,scattered clouds,0.0,0.0
522,Nizhniy Baskunchak,RU,2020-04-18 03:19:44,48.22,46.83,49.05,78,100,10.56,overcast clouds,0.0,0.0
523,Auki,SB,2020-04-18 03:19:44,-8.77,160.7,81.34,79,98,3.22,moderate rain,4.74,0.0
524,Souillac,MU,2020-04-18 03:19:44,-20.52,57.52,77.0,83,75,12.75,shower rain,0.0,0.0
525,Tornio,FI,2020-04-18 03:19:44,65.85,24.15,33.8,59,100,13.87,overcast clouds,0.0,0.0
526,Halifax,CA,2020-04-18 03:19:39,44.65,-63.57,35.01,52,16,1.01,few clouds,0.0,0.0
527,Mala,PE,2020-04-18 03:19:45,-12.66,-76.63,74.34,68,80,4.23,broken clouds,0.0,0.0
528,Kungurtug,RU,2020-04-18 03:19:45,50.6,97.52,35.56,41,76,7.23,broken clouds,0.0,0.0
529,Iquique,CL,2020-04-18 03:17:18,-20.22,-70.14,66.2,72,27,5.82,scattered clouds,0.0,0.0
530,Pangkalanbuun,ID,2020-04-18 03:19:47,-2.68,111.62,85.55,77,96,3.0,moderate rain,4.17,0.0
531,Saint-Augustin,CA,2020-04-18 03:16:29,51.23,-58.65,23.63,90,100,9.22,overcast clouds,0.0,0.0
532,Ieper,BE,2020-04-18 03:19:47,50.85,2.89,50.0,50,100,6.82,light rain,2.1,0.0
533,Cortez,US,2020-04-18 03:19:47,37.35,-108.59,44.6,39,1,5.82,clear sky,0.0,0.0
534,Ketchikan,US,2020-04-18 03:19:48,55.34,-131.65,53.6,76,1,16.11,clear sky,0.0,0.0
535,Benemerito De Las Americas,MX,2020-04-18 03:19:48,16.52,-90.64,80.19,49,76,2.77,broken clouds,0.0,0.0
536,Piraquara,BR,2020-04-18 03:19:48,-25.44,-49.06,51.8,100,75,5.82,broken clouds,0.0,0.0
537,Lagoa Nova,BR,2020-04-18 03:19:48,-6.1,-36.48,68.09,84,12,5.84,few clouds,0.0,0.0
538,Si Chiang Mai,TH,2020-04-18 03:19:49,17.96,102.59,87.01,74,75,4.05,broken clouds,0.0,0.0
539,Batemans Bay,AU,2020-04-18 03:19:49,-35.72,150.18,66.99,63,1,5.99,clear sky,0.0,0.0
540,Weston,US,2020-04-18 03:16:15,26.1,-80.4,82.4,74,90,5.82,overcast clouds,0.0,0.0
541,Sulangan,PH,2020-04-18 03:19:51,11.14,123.72,85.12,69,18,7.74,few clouds,0.0,0.0
542,Ambon,ID,2020-04-18 03:19:54,-3.7,128.18,91.4,63,40,4.7,scattered clouds,0.0,0.0
543,Tezu,IN,2020-04-18 03:19:54,27.92,96.17,85.42,36,24,2.98,few clouds,0.0,0.0
544,Bilma,NE,2020-04-18 03:19:55,18.69,12.92,80.44,13,0,8.23,clear sky,0.0,0.0
545,Kimbe,PG,2020-04-18 03:19:55,-5.55,150.14,88.14,62,56,4.54,broken clouds,0.0,0.0
546,Haapiti,PF,2020-04-18 03:19:56,-17.57,-149.87,86.0,70,99,5.82,overcast clouds,0.0,0.0
547,Wewak,PG,2020-04-18 03:19:56,-3.55,143.63,86.58,63,70,6.02,broken clouds,0.0,0.0
548,Umm Lajj,SA,2020-04-18 03:19:57,25.02,37.27,68.72,59,2,5.82,clear sky,0.0,0.0
549,Cangucu,BR,2020-04-18 03:19:57,-31.39,-52.68,52.0,96,0,1.72,clear sky,0.0,0.0
550,Genhe,CN,2020-04-18 03:19:57,50.78,121.52,56.57,26,45,6.73,scattered clouds,0.0,0.0
551,Fasa,IR,2020-04-18 03:19:57,28.94,53.65,48.2,93,40,2.06,scattered clouds,0.0,0.0
552,Toda Raisingh,IN,2020-04-18 03:19:58,26.03,75.48,90.03,19,15,14.23,few clouds,0.0,0.0
553,Pedasi,PA,2020-04-18 03:19:58,7.53,-80.03,79.86,74,0,20.09,clear sky,0.0,0.0
554,Palm Beach,US,2020-04-18 03:19:58,26.71,-80.04,77.0,94,90,14.99,thunderstorm,0.0,0.0
555,Simpang Empat,MY,2020-04-18 03:19:58,4.95,100.63,89.6,62,20,4.7,few clouds,0.0,0.0
556,Amapa,BR,2020-04-18 03:19:59,1.0,-52.0,72.75,94,100,0.67,light rain,2.75,0.0
557,Toamasina,MG,2020-04-18 03:19:59,-18.17,49.38,71.6,100,40,11.41,shower rain,0.0,0.0
558,Okhotsk,RU,2020-04-18 03:19:59,59.38,143.3,22.78,92,100,5.7,light snow,0.0,0.33
559,Nishihara,JP,2020-04-18 03:15:47,26.18,127.76,80.01,65,40,10.29,scattered clouds,0.0,0.0
560,Magistralnyy,RU,2020-04-18 03:19:59,56.17,107.45,29.71,81,95,14.18,overcast clouds,0.0,0.0
561,West Plains,US,2020-04-18 03:20:00,36.73,-91.85,43.0,70,90,10.29,overcast clouds,0.0,0.0
562,Baykit,RU,2020-04-18 03:20:00,61.67,96.37,35.06,80,95,4.0,light snow,0.0,0.11
563,Curup,ID,2020-04-18 03:19:35,-3.47,102.53,78.96,65,92,1.03,moderate rain,4.27,0.0
564,Margate,GB,2020-04-18 03:20:00,51.38,1.39,48.0,96,99,5.99,light rain,0.62,0.0
565,Diamantino,BR,2020-04-18 03:20:00,-14.41,-56.45,70.66,85,90,3.6,overcast clouds,0.0,0.0
566,Mwinilunga,ZM,2020-04-18 03:20:01,-11.74,24.43,61.2,64,73,5.35,broken clouds,0.0,0.0
567,Cairns,AU,2020-04-18 03:20:01,-16.92,145.77,88.0,70,95,6.93,light rain,0.12,0.0
568,Vao,NC,2020-04-18 03:20:02,-22.67,167.48,74.79,69,51,9.75,broken clouds,0.0,0.0
569,Cacoal,BR,2020-04-18 03:20:02,-11.44,-61.45,69.21,74,1,5.77,clear sky,0.0,0.0
